groupcode,schoolname,GroupLeader,FirstName,LastName,age,Gender,eventcode,eventname,score
G003,"Berea El","Tanisha West",Genevieve,Watson,12,F,E001,"50 Meter Dash",48
G003,"Berea El","Tanisha West",Genevieve,Watson,12,F,E015,"Softball Throw",1705
G003,"Berea El","Tanisha West",Cora,Logan,13,F,E003,"200 Meter Dash",120
G003,"Berea El","Tanisha West",Cora,Logan,13,F,E015,"Softball Throw",8711
G003,"Berea El","Tanisha West",Sonya,Lang,10,F,E001,"50 Meter Dash",58
G003,"Berea El","Tanisha West",Sonya,Lang,10,F,E015,"Softball Throw",703
G003,"Berea El","Tanisha West",Larissa,Sawyer,12,F,E021,Developmental,0
G003,"Berea El","Tanisha West",Larissa,Sawyer,12,F,E099,"Olympic Town",0
G003,"Berea El","Tanisha West",Alice,Harris,10,F,E001,"50 Meter Dash",58
G003,"Berea El","Tanisha West",Alice,Harris,10,F,E015,"Softball Throw",1104
G003,"Berea El","Tanisha West",Darrel,Dyer,11,F,E001,"50 Meter Dash",53
G003,"Berea El","Tanisha West",Darrel,Dyer,11,F,E015,"Softball Throw",1504
G003,"Berea El","Tanisha West",Adara,Charles,9,F,E001,"50 Meter Dash",52
G003,"Berea El","Tanisha West",Adara,Charles,9,F,E015,"Softball Throw",711
G003,"Berea El","Leslie Harper",Daphne,Patterson,10,F,E015,"Softball Throw",1205
G003,"Berea El","Leslie Harper",Daphne,Patterson,10,F,E003,"200 Meter Dash",46
G003,"Berea El","Leslie Harper",Jael,Ball,11,F,E015,"Softball Throw",1102
G003,"Berea El","Leslie Harper",Jael,Ball,11,F,E002,"100 Meter Dash",42
G003,"Berea El","Leslie Harper",Clio,Shaffer,11,F,E015,"Softball Throw",2405
G003,"Berea El","Leslie Harper",Clio,Shaffer,11,F,E007,"100 Meter Walk",42
G003,"Berea El","Leslie Harper",Georgia,Russell,11,F,E003,"200 Meter Dash",104
G003,"Berea El","Leslie Harper",Georgia,Russell,11,F,E007,"100 Meter Walk",43
G003,"Berea El","Leslie Harper",Kendall,Frank,11,F,E003,"200 Meter Dash",128
G003,"Berea El","Leslie Harper",Kendall,Frank,11,F,E015,"Softball Throw",1708
G003,"Berea El","Leslie Harper",Emily,Brooks,10,F,E003,"200 Meter Dash",59
G003,"Berea El","Leslie Harper",Emily,Brooks,10,F,E015,"Softball Throw",1909
G003,"Berea El","Leslie Harper",Jada,Sims,8,F,E099,"Olympic Town",0
G003,"Berea El","Leslie Harper",MacKenzie,Finch,11,F,E003,"200 Meter Dash",54
G003,"Berea El","Leslie Harper",MacKenzie,Finch,11,F,E015,"Softball Throw",3106
G003,"Berea El","Leslie Harper",Brenna,Griffin,1,F,E002,"100 Meter Dash",36
G003,"Berea El","Leslie Harper",Brenna,Griffin,1,F,E015,"Softball Throw",1607
G003,"Berea El","Leslie Harper",Ora,Logan,1,F,E015,"Softball Throw",3104
G003,"Berea El","Leslie Harper",Ora,Logan,1,F,E003,"200 Meter Dash",49
G003,"Berea El","Leslie Harper",Nayda,Green,12,F,E003,"200 Meter Dash",53
G003,"Berea El","Leslie Harper",Nayda,Green,12,F,E015,"Softball Throw",2606
G003,"Berea El","Leslie Harper",Irma,Blevins,11,F,E015,"Softball Throw",2500
G003,"Berea El","Leslie Harper",Irma,Blevins,11,F,E002,"100 Meter Dash",42
G003,"Berea El","Leslie Harper",Nicole,Gay,11,F,E099,"Olympic Town",0
G003,"Berea El","Leslie Harper",Ingrid,Mathews,12,F,E015,"Softball Throw",1302
G003,"Berea El","Leslie Harper",Ingrid,Mathews,12,F,E002,"100 Meter Dash",51
G003,"Berea El","Leslie Harper",Nadine,Vazquez,11,F,E015,"Softball Throw",2206
G003,"Berea El","Leslie Harper",Nadine,Vazquez,11,F,E003,"200 Meter Dash",46
G004,"Kibo Dawson El","Stacey Leon",Aspen,Berger,10,F,E001,"50 Meter Dash",15
G004,"Kibo Dawson El","Stacey Leon",Aspen,Berger,10,F,E015,"Softball Throw",2600
G004,"Kibo Dawson El","Stacey Leon",Germaine,Frye,12,F,E001,"50 Meter Dash",21
G004,"Kibo Dawson El","Stacey Leon",Germaine,Frye,12,F,E015,"Softball Throw",1002
G004,"Kibo Dawson El","Stacey Leon",Jaden,Hyde,11,F,E001,"50 Meter Dash",13
G004,"Kibo Dawson El","Stacey Leon",Jaden,Hyde,11,F,E015,"Softball Throw",2708
G004,"Kibo Dawson El","Stacey Leon",Shana,Murphy,12,F,E001,"50 Meter Dash",12
G004,"Kibo Dawson El","Stacey Leon",Shana,Murphy,12,F,E015,"Softball Throw",2105
G004,"Kibo Dawson El","Stacey Leon",Robin,Hewitt,10,F,E001,"50 Meter Dash",13
G004,"Kibo Dawson El","Stacey Leon",Robin,Hewitt,10,F,E015,"Softball Throw",1500
G004,"Kibo Dawson El","Stacey Leon",Lareina,Powell,10,F,E001,"50 Meter Dash",20
G004,"Kibo Dawson El","Stacey Leon",Lareina,Powell,10,F,E015,"Softball Throw",1201
G004,"Kibo Dawson El","Stacey Leon",Belle,Kline,11,F,E001,"50 Meter Dash",19
G004,"Kibo Dawson El","Stacey Leon",Belle,Kline,11,F,E015,"Softball Throw",2602
G004,"Kibo Dawson El","Stacey Leon",Cheryl,Roach,9,F,E001,"50 Meter Dash",15
G004,"Kibo Dawson El","Stacey Leon",Cheryl,Roach,9,F,E015,"Softball Throw",2302
G004,"Kibo Dawson El","Stacey Leon",Katell,Petty,8,F,E098,"Young Athletes",0
G004,"Kibo Dawson El","Stacey Leon",Katell,Petty,8,F,E099,"Olympic Town",0
G004,"Kibo Dawson El","Stacey Leon",Hanna,Howard,10,F,E001,"50 Meter Dash",14
G004,"Kibo Dawson El","Stacey Leon",Hanna,Howard,10,F,E015,"Softball Throw",2500
G004,"Kibo Dawson El","Stacey Leon",Whoopi,Walker,10,F,E001,"50 Meter Dash",19
G004,"Kibo Dawson El","Stacey Leon",Whoopi,Walker,10,F,E015,"Softball Throw",1408
G004,"Kibo Dawson El","Stacey Leon",Christine,Fry,8,F,E098,"Young Athletes",0
G004,"Kibo Dawson El","Stacey Leon",Christine,Fry,8,F,E099,"Olympic Town",0
G004,"Kibo Dawson El","Stacey Leon",Eden,Wiggins,8,F,E098,"Young Athletes",0
G004,"Kibo Dawson El","Stacey Leon",Eden,Wiggins,8,F,E099,"Olympic Town",0
G004,"Kibo Dawson El","Stacey Leon",Margaret,Pate,6,F,E098,"Young Athletes",0
G004,"Kibo Dawson El","Stacey Leon",Margaret,Pate,6,F,E099,"Olympic Town",0
G005,"Maia Barrera El","Hanna Gould",Justin,Dunn,13,M,E003,"200 Meter Dash",102
G005,"Maia Barrera El","Hanna Gould",Justin,Dunn,13,M,E015,"Softball Throw",4000
G005,"Maia Barrera El","Hanna Gould",Cullen,Dodson,12,M,E003,"200 Meter Dash",100
G005,"Maia Barrera El","Hanna Gould",Cullen,Dodson,12,M,E015,"Softball Throw",5500
G005,"Maia Barrera El","Hanna Gould",Josiah,Joyce,12,M,E001,"50 Meter Dash",18
G005,"Maia Barrera El","Hanna Gould",Josiah,Joyce,12,M,E015,"Softball Throw",1500
G005,"Maia Barrera El","Hanna Gould",Rigel,Harding,12,M,E002,"100 Meter Dash",32
G005,"Maia Barrera El","Hanna Gould",Rigel,Harding,12,M,E015,"Softball Throw",2700
G005,"Maia Barrera El","Hanna Gould",Cooper,Aguilar,12,M,E002,"100 Meter Dash",26
G005,"Maia Barrera El","Hanna Gould",Cooper,Aguilar,12,M,E015,"Softball Throw",2000
G005,"Maia Barrera El","Hanna Gould",Brent,Barton,11,M,E002,"100 Meter Dash",25
G005,"Maia Barrera El","Hanna Gould",Brent,Barton,11,M,E015,"Softball Throw",4200
G005,"Maia Barrera El","Hanna Gould",Mannix,Garcia,12,M,E003,"200 Meter Dash",48
G005,"Maia Barrera El","Hanna Gould",Mannix,Garcia,12,M,E015,"Softball Throw",5000
G005,"Maia Barrera El","Hanna Gould",Solomon,Nunez,12,M,E003,"200 Meter Dash",56
G005,"Maia Barrera El","Hanna Gould",Solomon,Nunez,12,M,E015,"Softball Throw",4800
G005,"Maia Barrera El","Hanna Gould",Amal,Vaughn,12,M,E002,"100 Meter Dash",29
G005,"Maia Barrera El","Hanna Gould",Amal,Vaughn,12,M,E015,"Softball Throw",3800
G005,"Maia Barrera El","Hanna Gould",Cameron,Gutierrez,13,M,E003,"200 Meter Dash",57
G005,"Maia Barrera El","Hanna Gould",Cameron,Gutierrez,13,M,E015,"Softball Throw",6200
G005,"Maia Barrera El","Hanna Gould",Myles,Holloway,11,M,E001,"50 Meter Dash",15
G005,"Maia Barrera El","Hanna Gould",Myles,Holloway,11,M,E015,"Softball Throw",3300
G005,"Maia Barrera El","Hanna Gould",Barclay,Reese,11,M,E001,"50 Meter Dash",15
G005,"Maia Barrera El","Hanna Gould",Barclay,Reese,11,M,E015,"Softball Throw",4300
G005,"Maia Barrera El","Hanna Gould",Palmer,Alford,13,M,E002,"100 Meter Dash",27
G005,"Maia Barrera El","Hanna Gould",Palmer,Alford,13,M,E015,"Softball Throw",4500
G005,"Maia Barrera El","Sigourney Mejia",Hedwig,Farmer,10,F,E002,"100 Meter Dash",27
G005,"Maia Barrera El","Sigourney Mejia",Hedwig,Farmer,10,F,E015,"Softball Throw",2800
G005,"Maia Barrera El","Sigourney Mejia",Melyssa,Long,10,F,E001,"50 Meter Dash",16
G005,"Maia Barrera El","Sigourney Mejia",Melyssa,Long,10,F,E015,"Softball Throw",1500
G005,"Maia Barrera El","Sigourney Mejia",Regina,Ortiz,11,F,E001,"50 Meter Dash",17
G005,"Maia Barrera El","Sigourney Mejia",Regina,Ortiz,11,F,E015,"Softball Throw",1800
G005,"Maia Barrera El","Sigourney Mejia",Quail,Travis,10,F,E002,"100 Meter Dash",32
G005,"Maia Barrera El","Sigourney Mejia",Quail,Travis,10,F,E015,"Softball Throw",2000
G005,"Maia Barrera El","Sigourney Mejia",Sydnee,Frost,9,F,E002,"100 Meter Dash",24
G005,"Maia Barrera El","Sigourney Mejia",Sydnee,Frost,9,F,E015,"Softball Throw",6200
G005,"Maia Barrera El","Sigourney Mejia",Gloria,Clark,9,F,E002,"100 Meter Dash",24
G005,"Maia Barrera El","Sigourney Mejia",Gloria,Clark,9,F,E015,"Softball Throw",3700
G005,"Maia Barrera El","Sigourney Mejia",Ivory,Wiley,10,F,E001,"50 Meter Dash",17
G005,"Maia Barrera El","Sigourney Mejia",Ivory,Wiley,10,F,E015,"Softball Throw",1500
G006,"Leonard Aguirre El","Macaulay Wilcox",Rhiannon,Avila,9,F,E001,"50 Meter Dash",19
G006,"Leonard Aguirre El","Macaulay Wilcox",Rhiannon,Avila,9,F,E015,"Softball Throw",3500
G006,"Leonard Aguirre El","Macaulay Wilcox",Haley,Jimenez,13,F,E001,"50 Meter Dash",17
G006,"Leonard Aguirre El","Macaulay Wilcox",Haley,Jimenez,13,F,E015,"Softball Throw",3000
G006,"Leonard Aguirre El","Macaulay Wilcox",Daphne,Blackwell,10,F,E001,"50 Meter Dash",16
G006,"Leonard Aguirre El","Macaulay Wilcox",Daphne,Blackwell,10,F,E015,"Softball Throw",3600
G006,"Leonard Aguirre El","Macaulay Wilcox",Kaden,Fuller,12,F,E001,"50 Meter Dash",0
G006,"Leonard Aguirre El","Macaulay Wilcox",Kaden,Fuller,12,F,E015,"Softball Throw",4000
G006,"Leonard Aguirre El","Macaulay Wilcox",Laurel,Schmidt,11,F,E001,"50 Meter Dash",19
G006,"Leonard Aguirre El","Macaulay Wilcox",Laurel,Schmidt,11,F,E015,"Softball Throw",2000
G006,"Leonard Aguirre El","Macaulay Wilcox",Karleigh,Parks,9,F,E099,"Olympic Town",0
G008,"Jenna Guerra El","Ayanna Woods",Forrest,Hunter,10,M,E001,"50 Meter Dash",120
G008,"Jenna Guerra El","Ayanna Woods",Forrest,Hunter,10,M,E015,"Softball Throw",702
G008,"Jenna Guerra El","Ayanna Woods",Michael,Gates,9,M,E001,"50 Meter Dash",30
G008,"Jenna Guerra El","Ayanna Woods",Michael,Gates,9,M,E015,"Softball Throw",1000
G008,"Jenna Guerra El","Ayanna Woods",Ferdinand,Caldwell,8,M,E098,"Young Athletes",0
G008,"Jenna Guerra El","Ayanna Woods",Ferdinand,Caldwell,8,M,E099,"Olympic Town",0
G008,"Jenna Guerra El","Blythe Waters",Felicia,Hobbs,11,F,E001,"50 Meter Dash",16
G008,"Jenna Guerra El","Blythe Waters",Felicia,Hobbs,11,F,E015,"Softball Throw",2206
G008,"Jenna Guerra El","Blythe Waters",Sharon,Rodgers,11,F,E001,"50 Meter Dash",34
G008,"Jenna Guerra El","Blythe Waters",Sharon,Rodgers,11,F,E015,"Softball Throw",1203
G008,"Jenna Guerra El","Blythe Waters",Ciara,Wiley,12,F,E001,"50 Meter Dash",32
G008,"Jenna Guerra El","Blythe Waters",Ciara,Wiley,12,F,E015,"Softball Throw",1102
G008,"Jenna Guerra El","Blythe Waters",Charlotte,Stafford,11,F,E001,"50 Meter Dash",20
G008,"Jenna Guerra El","Blythe Waters",Charlotte,Stafford,11,F,E015,"Softball Throw",1907
G008,"Jenna Guerra El","Blythe Waters",Kyra,Sparks,11,F,E001,"50 Meter Dash",17
G008,"Jenna Guerra El","Blythe Waters",Kyra,Sparks,11,F,E015,"Softball Throw",809
G008,"Jenna Guerra El","Richard Hunt",Brianna,Conner,11,F,E001,"50 Meter Dash",17
G008,"Jenna Guerra El","Richard Hunt",Brianna,Conner,11,F,E015,"Softball Throw",1300
G008,"Jenna Guerra El","Richard Hunt",Sandra,Solis,10,F,E001,"50 Meter Dash",25
G008,"Jenna Guerra El","Richard Hunt",Sandra,Solis,10,F,E015,"Softball Throw",708
G008,"Jenna Guerra El","Richard Hunt",Joelle,Clark,11,F,E002,"100 Meter Dash",37
G008,"Jenna Guerra El","Richard Hunt",Joelle,Clark,11,F,E015,"Softball Throw",2100
G008,"Jenna Guerra El","Richard Hunt",Iona,Arnold,12,F,E001,"50 Meter Dash",17
G008,"Jenna Guerra El","Richard Hunt",Iona,Arnold,12,F,E015,"Softball Throw",2307
G008,"Jenna Guerra El","Richard Hunt",Ella,Francis,10,F,E002,"100 Meter Dash",40
G008,"Jenna Guerra El","Richard Hunt",Ella,Francis,10,F,E015,"Softball Throw",2100
G008,"Jenna Guerra El","Richard Hunt",Dana,Downs,11,F,E001,"50 Meter Dash",19
G008,"Jenna Guerra El","Richard Hunt",Dana,Downs,11,F,E013,"Standing Long Jump",109
G008,"Jenna Guerra El","Richard Hunt",Yeo,Dorsey,8,F,E098,"Young Athletes",0
G008,"Jenna Guerra El","Richard Hunt",Yeo,Dorsey,8,F,E099,"Olympic Town",0
G008,"Jenna Guerra El","MacKenzie Goodman",Keely,Kirby,8,F,E002,"100 Meter Dash",0
G008,"Jenna Guerra El","MacKenzie Goodman",Keely,Kirby,8,F,E014,"Shot Put",100
G008,"Jenna Guerra El","MacKenzie Goodman",Emi,Kennedy,9,F,E002,"100 Meter Dash",102
G008,"Jenna Guerra El","MacKenzie Goodman",Emi,Kennedy,9,F,E014,"Shot Put",201
G008,"Jenna Guerra El","MacKenzie Goodman",Kiona,Beasley,8,F,E002,"100 Meter Dash",539
G008,"Jenna Guerra El","MacKenzie Goodman",Kiona,Beasley,8,F,E014,"Shot Put",11
G008,"Jenna Guerra El","MacKenzie Goodman",Irene,Head,9,F,E002,"100 Meter Dash",43
G008,"Jenna Guerra El","MacKenzie Goodman",Irene,Head,9,F,E014,"Shot Put",204
G008,"Jenna Guerra El","MacKenzie Goodman",Cameron,Lambert,9,F,E002,"100 Meter Dash",206
G008,"Jenna Guerra El","MacKenzie Goodman",Cameron,Lambert,9,F,E014,"Shot Put",10
G008,"Jenna Guerra El","MacKenzie Goodman",Meredith,Coffey,9,F,E002,"100 Meter Dash",507
G008,"Jenna Guerra El","MacKenzie Goodman",Meredith,Coffey,9,F,E014,"Shot Put",306
G008,"Jenna Guerra El","MacKenzie Goodman",Abigail,Cantu,8,F,E099,"Olympic Town",0
G008,"Jenna Guerra El","Josiah Cohen",Jada,Stevenson,11,F,E001,"50 Meter Dash",18
G008,"Jenna Guerra El","Josiah Cohen",Jada,Stevenson,11,F,E015,"Softball Throw",2900
G008,"Jenna Guerra El","Josiah Cohen",Vivien,Tyler,12,F,E001,"50 Meter Dash",15
G008,"Jenna Guerra El","Josiah Cohen",Vivien,Tyler,12,F,E015,"Softball Throw",2700
G008,"Jenna Guerra El","Josiah Cohen",Kameko,Mccarty,12,F,E001,"50 Meter Dash",15
G008,"Jenna Guerra El","Josiah Cohen",Kameko,Mccarty,12,F,E015,"Softball Throw",3100
G008,"Jenna Guerra El","Josiah Cohen",Ivory,Cook,10,F,E001,"50 Meter Dash",16
G008,"Jenna Guerra El","Josiah Cohen",Ivory,Cook,10,F,E015,"Softball Throw",1806
G009,"Sydnee Tucker El","Dane Mayo",Amery,Holland,11,M,E001,"50 Meter Dash",54
G009,"Sydnee Tucker El","Dane Mayo",Amery,Holland,11,M,E013,"Standing Long Jump",205
G009,"Sydnee Tucker El","Dane Mayo",Oren,Little,12,M,E002,"100 Meter Dash",108
G009,"Sydnee Tucker El","Dane Mayo",Oren,Little,12,M,E013,"Standing Long Jump",305
G009,"Sydnee Tucker El","Dane Mayo",David,Cote,11,M,E002,"100 Meter Dash",45
G009,"Sydnee Tucker El","Dane Mayo",David,Cote,11,M,E013,"Standing Long Jump",306
G009,"Sydnee Tucker El","Dane Mayo",Ray,Roth,12,M,E001,"50 Meter Dash",51
G009,"Sydnee Tucker El","Dane Mayo",Ray,Roth,12,M,E013,"Standing Long Jump",302
G009,"Sydnee Tucker El","Dane Mayo",Hedley,Harris,9,M,E013,"Standing Long Jump",303
G009,"Sydnee Tucker El","Dane Mayo",Hedley,Harris,9,M,E001,"50 Meter Dash",45
G009,"Sydnee Tucker El","Dane Mayo",Cain,Cotton,9,M,E001,"50 Meter Dash",43
G009,"Sydnee Tucker El","Dane Mayo",Cain,Cotton,9,M,E013,"Standing Long Jump",300
G009,"Sydnee Tucker El","Dane Mayo",Omar,Rosario,9,M,E013,"Standing Long Jump",208
G009,"Sydnee Tucker El","Dane Mayo",Omar,Rosario,9,M,E001,"50 Meter Dash",41
G009,"Sydnee Tucker El","Dane Mayo",Marshall,Douglas,9,M,E099,"Olympic Town",0
G010,"Ramona Herring El","Griffith Campos",Asher,Petersen,11,M,E015,"Softball Throw",2300
G010,"Ramona Herring El","Griffith Campos",Asher,Petersen,11,M,E001,"50 Meter Dash",13
G010,"Ramona Herring El","Griffith Campos",Jakeem,Cochran,12,M,E015,"Softball Throw",4000
G010,"Ramona Herring El","Griffith Campos",Jakeem,Cochran,12,M,E002,"100 Meter Dash",21
G010,"Ramona Herring El","Griffith Campos",Dylan,Simmons,11,M,E015,"Softball Throw",2000
G010,"Ramona Herring El","Griffith Campos",Dylan,Simmons,11,M,E001,"50 Meter Dash",13
G010,"Ramona Herring El","Griffith Campos",Hoyt,Brennan,11,M,E001,"50 Meter Dash",13
G010,"Ramona Herring El","Griffith Campos",Hoyt,Brennan,11,M,E015,"Softball Throw",2100
G010,"Ramona Herring El","Griffith Campos",Uriah,Walker,12,M,E015,"Softball Throw",2400
G010,"Ramona Herring El","Griffith Campos",Uriah,Walker,12,M,E001,"50 Meter Dash",12
G010,"Ramona Herring El","Griffith Campos",Acton,Mcintyre,9,M,E001,"50 Meter Dash",24
G010,"Ramona Herring El","Griffith Campos",Acton,Mcintyre,9,M,E015,"Softball Throw",1300
G010,"Ramona Herring El","Griffith Campos",Jonas,Rice,9,M,E001,"50 Meter Dash",22
G010,"Ramona Herring El","Griffith Campos",Jonas,Rice,9,M,E015,"Softball Throw",800
G010,"Ramona Herring El","Griffith Campos",Caleb,Sutton,10,M,E001,"50 Meter Dash",20
G010,"Ramona Herring El","Griffith Campos",Caleb,Sutton,10,M,E015,"Softball Throw",1300
G010,"Ramona Herring El","Griffith Campos",Vincent,Baird,9,M,E001,"50 Meter Dash",30
G010,"Ramona Herring El","Griffith Campos",Vincent,Baird,9,M,E015,"Softball Throw",1500
G010,"Ramona Herring El","Griffith Campos",Rudyard,Rocha,11,M,E001,"50 Meter Dash",18
G010,"Ramona Herring El","Griffith Campos",Rudyard,Rocha,11,M,E015,"Softball Throw",1000
G010,"Ramona Herring El","Griffith Campos",Palmer,Reed,12,M,E001,"50 Meter Dash",20
G010,"Ramona Herring El","Griffith Campos",Palmer,Reed,12,M,E015,"Softball Throw",600
G010,"Ramona Herring El","Griffith Campos",Gray,Meyers,9,M,E001,"50 Meter Dash",25
G010,"Ramona Herring El","Griffith Campos",Gray,Meyers,9,M,E015,"Softball Throw",1100
G010,"Ramona Herring El","Griffith Campos",Kevin,Brennan,13,M,E002,"100 Meter Dash",23
G010,"Ramona Herring El","Griffith Campos",Kevin,Brennan,13,M,E015,"Softball Throw",3000
G010,"Ramona Herring El","Griffith Campos",Wyatt,Weber,13,M,E001,"50 Meter Dash",19
G010,"Ramona Herring El","Griffith Campos",Wyatt,Weber,13,M,E015,"Softball Throw",1100
G010,"Ramona Herring El","Griffith Campos",Warren,Mcmahon,11,M,E001,"50 Meter Dash",19
G010,"Ramona Herring El","Griffith Campos",Warren,Mcmahon,11,M,E015,"Softball Throw",3500
G010,"Ramona Herring El","Griffith Campos",Tyrone,Stephenson,10,M,E001,"50 Meter Dash",27
G010,"Ramona Herring El","Griffith Campos",Tyrone,Stephenson,10,M,E015,"Softball Throw",800
G010,"Ramona Herring El","Griffith Campos",Gil,Matthews,13,M,E001,"50 Meter Dash",27
G010,"Ramona Herring El","Griffith Campos",Gil,Matthews,13,M,E015,"Softball Throw",500
G010,"Ramona Herring El","Griffith Campos",Ray,Gay,12,M,E001,"50 Meter Dash",23
G010,"Ramona Herring El","Griffith Campos",Ray,Gay,12,M,E015,"Softball Throw",1200
G010,"Ramona Herring El","Griffith Campos",Julian,Edwards,11,M,E001,"50 Meter Dash",30
G010,"Ramona Herring El","Griffith Campos",Julian,Edwards,11,M,E015,"Softball Throw",1000
G012,"Fulton Olsen El","Cole Guzman",Brynne,Ruiz,12,F,E001,"50 Meter Dash",14
G012,"Fulton Olsen El","Cole Guzman",Brynne,Ruiz,12,F,E015,"Softball Throw",5200
G012,"Fulton Olsen El","Cole Guzman",Jasmine,Morin,12,F,E001,"50 Meter Dash",12
G012,"Fulton Olsen El","Cole Guzman",Jasmine,Morin,12,F,E015,"Softball Throw",2301
G012,"Fulton Olsen El","Cole Guzman",Heidi,Eaton,12,F,E001,"50 Meter Dash",11
G012,"Fulton Olsen El","Cole Guzman",Heidi,Eaton,12,F,E015,"Softball Throw",6302
G012,"Fulton Olsen El","Cole Guzman",Jessica,Conley,10,F,E001,"50 Meter Dash",15
G012,"Fulton Olsen El","Cole Guzman",Jessica,Conley,10,F,E015,"Softball Throw",3804
G012,"Fulton Olsen El","Cole Guzman",Joelle,Burnett,10,F,E001,"50 Meter Dash",21
G012,"Fulton Olsen El","Cole Guzman",Joelle,Burnett,10,F,E015,"Softball Throw",1503
G012,"Fulton Olsen El","Cole Guzman",Oprah,Gallagher,12,F,E001,"50 Meter Dash",12
G012,"Fulton Olsen El","Cole Guzman",Oprah,Gallagher,12,F,E015,"Softball Throw",5701
G012,"Fulton Olsen El","Cole Guzman",Karyn,Briggs,12,F,E001,"50 Meter Dash",14
G012,"Fulton Olsen El","Cole Guzman",Karyn,Briggs,12,F,E015,"Softball Throw",2705
G012,"Fulton Olsen El","Cole Guzman",Beverly,Adams,13,F,E001,"50 Meter Dash",14
G012,"Fulton Olsen El","Cole Guzman",Beverly,Adams,13,F,E015,"Softball Throw",4202
G014,"Clayton Leon El","Branden Cain",Justine,Morse,11,F,E015,"Softball Throw",1100
G014,"Clayton Leon El","Branden Cain",Justine,Morse,11,F,E021,Developmental,0
G014,"Clayton Leon El","Branden Cain",Yeo,Webb,7,F,E098,"Young Athletes",0
G014,"Clayton Leon El","Branden Cain",Yeo,Webb,7,F,E099,"Olympic Town",0
G014,"Clayton Leon El","Branden Cain",Naomi,Orr,14,F,E021,Developmental,0
G014,"Clayton Leon El","Branden Cain",Naomi,Orr,14,F,E099,"Olympic Town",0
G014,"Clayton Leon El","Branden Cain",Kerry,Hutchinson,13,F,E015,"Softball Throw",1300
G014,"Clayton Leon El","Branden Cain",Kerry,Hutchinson,13,F,E021,Developmental,0
G014,"Clayton Leon El","Branden Cain",Yolanda,Graham,12,F,E015,"Softball Throw",600
G014,"Clayton Leon El","Branden Cain",Yolanda,Graham,12,F,E021,Developmental,0
G014,"Clayton Leon El","Branden Cain",Iola,Pollard,9,F,E015,"Softball Throw",1006
G014,"Clayton Leon El","Branden Cain",Iola,Pollard,9,F,E021,Developmental,0
G007,"Xavier Holland El","Robin Sheppard",Ruth,Oneil,11,F,E013,"Standing Long Jump",304
G007,"Xavier Holland El","Robin Sheppard",Ruth,Oneil,11,F,E002,"100 Meter Dash",25
G007,"Xavier Holland El","Robin Sheppard",Brenda,Willis,11,F,E015,"Softball Throw",5300
G007,"Xavier Holland El","Robin Sheppard",Brenda,Willis,11,F,E002,"100 Meter Dash",23
G007,"Xavier Holland El","Robin Sheppard",Brielle,Glover,12,F,E015,"Softball Throw",2600
G007,"Xavier Holland El","Robin Sheppard",Brielle,Glover,12,F,E002,"100 Meter Dash",35
G007,"Xavier Holland El","Robin Sheppard",September,Richard,12,F,E015,"Softball Throw",3700
G007,"Xavier Holland El","Robin Sheppard",September,Richard,12,F,E002,"100 Meter Dash",20
G007,"Xavier Holland El","Robin Sheppard",Madeson,Harrington,11,F,E013,"Standing Long Jump",503
G007,"Xavier Holland El","Robin Sheppard",Madeson,Harrington,11,F,E015,"Softball Throw",5500
G007,"Xavier Holland El","Robin Sheppard",Idona,Perez,12,F,E013,"Standing Long Jump",305
G007,"Xavier Holland El","Robin Sheppard",Idona,Perez,12,F,E015,"Softball Throw",4700
G007,"Xavier Holland El","Robin Sheppard",Lillian,Sheppard,13,F,E013,"Standing Long Jump",305
G007,"Xavier Holland El","Robin Sheppard",Lillian,Sheppard,13,F,E002,"100 Meter Dash",26
G007,"Xavier Holland El","Robin Sheppard",Portia,Valencia,11,F,E013,"Standing Long Jump",403
G007,"Xavier Holland El","Robin Sheppard",Portia,Valencia,11,F,E002,"100 Meter Dash",11
G007,"Xavier Holland El","Robin Sheppard",Kaden,Malone,11,F,E013,"Standing Long Jump",300
G007,"Xavier Holland El","Robin Sheppard",Kaden,Malone,11,F,E002,"100 Meter Dash",25
G007,"Xavier Holland El","Robin Sheppard",Lydia,Hooper,9,F,E013,"Standing Long Jump",305
G007,"Xavier Holland El","Robin Sheppard",Lydia,Hooper,9,F,E002,"100 Meter Dash",22
G017,"Kyle Gonzalez El","Holmes Hendricks",Harriet,Fuentes,8,F,E099,"Olympic Town",0
G017,"Kyle Gonzalez El","Holmes Hendricks",Victoria,Mccullough,9,F,E015,"Softball Throw",2801
G017,"Kyle Gonzalez El","Holmes Hendricks",Victoria,Mccullough,9,F,E013,"Standing Long Jump",500
G017,"Kyle Gonzalez El","Holmes Hendricks",Elaine,Payne,9,F,E015,"Softball Throw",711
G017,"Kyle Gonzalez El","Holmes Hendricks",Elaine,Payne,9,F,E099,"Olympic Town",0
G017,"Kyle Gonzalez El","Holmes Hendricks",Dominique,Rhodes,9,F,E015,"Softball Throw",1902
G017,"Kyle Gonzalez El","Holmes Hendricks",Dominique,Rhodes,9,F,E013,"Standing Long Jump",403
G017,"Kyle Gonzalez El","Holmes Hendricks",Shaine,Beard,10,F,E015,"Softball Throw",1702
G017,"Kyle Gonzalez El","Holmes Hendricks",Shaine,Beard,10,F,E099,"Olympic Town",0
G018,"Baxter Benjamin El","Farrah Tyler",David,Quinn,10,M,E015,"Softball Throw",2603
G018,"Baxter Benjamin El","Farrah Tyler",David,Quinn,10,M,E001,"50 Meter Dash",18
G018,"Baxter Benjamin El","Farrah Tyler",Blake,Ashley,11,M,E001,"50 Meter Dash",15
G018,"Baxter Benjamin El","Farrah Tyler",Blake,Ashley,11,M,E013,"Standing Long Jump",204
G018,"Baxter Benjamin El","Farrah Tyler",Lucian,Miranda,13,M,E001,"50 Meter Dash",18
G018,"Baxter Benjamin El","Farrah Tyler",Lucian,Miranda,13,M,E015,"Softball Throw",1604
G018,"Baxter Benjamin El","Farrah Tyler",Abbot,Whitley,12,M,E001,"50 Meter Dash",24
G018,"Baxter Benjamin El","Farrah Tyler",Abbot,Whitley,12,M,E015,"Softball Throw",1908
G018,"Baxter Benjamin El","Farrah Tyler",Zeph,Wheeler,8,M,E099,"Olympic Town",0
G018,"Baxter Benjamin El","Farrah Tyler",Raphael,Dejesus,12,M,E001,"50 Meter Dash",21
G018,"Baxter Benjamin El","Farrah Tyler",Raphael,Dejesus,12,M,E013,"Standing Long Jump",210
G018,"Baxter Benjamin El","Farrah Tyler",Zahir,Mcdaniel,10,M,E001,"50 Meter Dash",20
G018,"Baxter Benjamin El","Farrah Tyler",Zahir,Mcdaniel,10,M,E013,"Standing Long Jump",302
G018,"Baxter Benjamin El","Farrah Tyler",Coby,Ray,10,M,E001,"50 Meter Dash",18
G018,"Baxter Benjamin El","Farrah Tyler",Coby,Ray,10,M,E013,"Standing Long Jump",200
G018,"Baxter Benjamin El","Farrah Tyler",Stephen,Moran,12,M,E001,"50 Meter Dash",13
G018,"Baxter Benjamin El","Farrah Tyler",Stephen,Moran,12,M,E013,"Standing Long Jump",406
G018,"Baxter Benjamin El","Farrah Tyler",Alan,Gentry,10,M,E001,"50 Meter Dash",36
G018,"Baxter Benjamin El","Farrah Tyler",Alan,Gentry,10,M,E015,"Softball Throw",802
G018,"Baxter Benjamin El","Farrah Tyler",Wylie,Newton,10,M,E001,"50 Meter Dash",30
G018,"Baxter Benjamin El","Farrah Tyler",Wylie,Newton,10,M,E015,"Softball Throw",1604
G018,"Baxter Benjamin El","Farrah Tyler",Porter,Mcconnell,10,M,E001,"50 Meter Dash",15
G018,"Baxter Benjamin El","Farrah Tyler",Porter,Mcconnell,10,M,E013,"Standing Long Jump",203
G018,"Baxter Benjamin El","Farrah Tyler",Declan,Cook,9,M,E001,"50 Meter Dash",21
G018,"Baxter Benjamin El","Farrah Tyler",Declan,Cook,9,M,E013,"Standing Long Jump",106
G018,"Baxter Benjamin El","Farrah Tyler",Ryan,William,7,M,E099,"Olympic Town",0
G018,"Baxter Benjamin El","Farrah Tyler",Kadeem,Donaldson,6,M,E099,"Olympic Town",0
G018,"Baxter Benjamin El","Farrah Tyler",Aaron,Cooke,9,M,E001,"50 Meter Dash",21
G018,"Baxter Benjamin El","Farrah Tyler",Aaron,Cooke,9,M,E013,"Standing Long Jump",101
G019,"Julie Donovan El","Blossom Chang",Charity,Sosa,28,F,E001,"50 Meter Dash",59
G019,"Julie Donovan El","Blossom Chang",Charity,Sosa,28,F,E015,"Softball Throw",2004
G019,"Julie Donovan El","Blossom Chang",Julie,Bray,16,F,E002,"100 Meter Dash",23
G019,"Julie Donovan El","Blossom Chang",Julie,Bray,16,F,E013,"Standing Long Jump",600
G019,"Julie Donovan El","Blossom Chang",Libby,Lynn,11,F,E001,"50 Meter Dash",13
G019,"Julie Donovan El","Blossom Chang",Libby,Lynn,11,F,E011,"Run Long Jump",504
G019,"Julie Donovan El","Blossom Chang",Zephr,Jimenez,19,F,E001,"50 Meter Dash",15
G019,"Julie Donovan El","Blossom Chang",Zephr,Jimenez,19,F,E013,"Standing Long Jump",305
G019,"Julie Donovan El","Blossom Chang",Ingrid,Dorsey,13,F,E001,"50 Meter Dash",14
G019,"Julie Donovan El","Blossom Chang",Ingrid,Dorsey,13,F,E013,"Standing Long Jump",204
G019,"Julie Donovan El","Blossom Chang",Morgan,Bush,14,F,E003,"200 Meter Dash",50
G019,"Julie Donovan El","Blossom Chang",Morgan,Bush,14,F,E011,"Run Long Jump",502
G019,"Julie Donovan El","Blossom Chang",Roanna,Henson,13,F,E001,"50 Meter Dash",15
G019,"Julie Donovan El","Blossom Chang",Roanna,Henson,13,F,E013,"Standing Long Jump",301
G019,"Julie Donovan El","Blossom Chang",Gwendolyn,Villarreal,14,F,E001,"50 Meter Dash",29
G019,"Julie Donovan El","Blossom Chang",Gwendolyn,Villarreal,14,F,E015,"Softball Throw",1807
G019,"Julie Donovan El","Blossom Chang",Cynthia,Ruiz,15,F,E002,"100 Meter Dash",22
G019,"Julie Donovan El","Blossom Chang",Cynthia,Ruiz,15,F,E013,"Standing Long Jump",303
G019,"Julie Donovan El","Blossom Chang",Fredericka,Bentley,16,F,E001,"50 Meter Dash",15
G019,"Julie Donovan El","Blossom Chang",Fredericka,Bentley,16,F,E015,"Softball Throw",1709
G019,"Julie Donovan El","Blossom Chang",Avye,Mccarthy,16,F,E001,"50 Meter Dash",13
G019,"Julie Donovan El","Blossom Chang",Avye,Mccarthy,16,F,E013,"Standing Long Jump",402
G019,"Julie Donovan El","Blossom Chang",Chanda,Norton,21,F,E001,"50 Meter Dash",28
G019,"Julie Donovan El","Blossom Chang",Chanda,Norton,21,F,E015,"Softball Throw",1506
G019,"Julie Donovan El","Blossom Chang",Geraldine,Blanchard,19,F,E002,"100 Meter Dash",37
G019,"Julie Donovan El","Blossom Chang",Geraldine,Blanchard,19,F,E013,"Standing Long Jump",205
G019,"Julie Donovan El","Blossom Chang",Lacey,George,11,F,E001,"50 Meter Dash",12
G019,"Julie Donovan El","Blossom Chang",Lacey,George,11,F,E013,"Standing Long Jump",209
G019,"Julie Donovan El","Blossom Chang",Ori,Watts,11,F,E001,"50 Meter Dash",15
G019,"Julie Donovan El","Blossom Chang",Ori,Watts,11,F,E013,"Standing Long Jump",202
G019,"Julie Donovan El","Blossom Chang",Illana,Brooks,24,F,E001,"50 Meter Dash",18
G019,"Julie Donovan El","Blossom Chang",Illana,Brooks,24,F,E015,"Softball Throw",1308
G019,"Julie Donovan El","Blossom Chang",Lisandra,Gutierrez,15,F,E013,"Standing Long Jump",106
G019,"Julie Donovan El","Blossom Chang",Lisandra,Gutierrez,15,F,E015,"Softball Throw",603
G019,"Julie Donovan El","Blossom Chang",Ariel,Myers,19,F,E001,"50 Meter Dash",19
G019,"Julie Donovan El","Blossom Chang",Ariel,Myers,19,F,E015,"Softball Throw",1008
G019,"Julie Donovan El","Blossom Chang",Desiree,Chandler,14,F,E001,"50 Meter Dash",12
G019,"Julie Donovan El","Blossom Chang",Desiree,Chandler,14,F,E011,"Run Long Jump",303
G019,"Julie Donovan El","Blossom Chang",Morgan,Whitfield,17,F,E002,"100 Meter Dash",28
G019,"Julie Donovan El","Blossom Chang",Morgan,Whitfield,17,F,E013,"Standing Long Jump",200
G019,"Julie Donovan El","Blossom Chang",Piper,Evans,16,F,E001,"50 Meter Dash",45
G019,"Julie Donovan El","Blossom Chang",Piper,Evans,16,F,E015,"Softball Throw",1202
G019,"Julie Donovan El","Blossom Chang",Emi,Langley,23,F,E001,"50 Meter Dash",28
G019,"Julie Donovan El","Blossom Chang",Emi,Langley,23,F,E015,"Softball Throw",1004
G019,"Julie Donovan El","Blossom Chang",Jaime,Becker,15,F,E001,"50 Meter Dash",13
G019,"Julie Donovan El","Blossom Chang",Jaime,Becker,15,F,E013,"Standing Long Jump",308
G019,"Julie Donovan El","Blossom Chang",Cally,Carney,12,F,E002,"100 Meter Dash",21
G019,"Julie Donovan El","Blossom Chang",Cally,Carney,12,F,E013,"Standing Long Jump",311
G019,"Julie Donovan El","Blossom Chang",Jasmine,Burt,15,F,E002,"100 Meter Dash",20
G019,"Julie Donovan El","Blossom Chang",Jasmine,Burt,15,F,E013,"Standing Long Jump",406
G019,"Julie Donovan El","Blossom Chang",Yuri,Kelley,19,F,E001,"50 Meter Dash",19
G019,"Julie Donovan El","Blossom Chang",Yuri,Kelley,19,F,E013,"Standing Long Jump",209
G019,"Julie Donovan El","Blossom Chang",Amena,Raymond,13,F,E003,"200 Meter Dash",47
G019,"Julie Donovan El","Blossom Chang",Amena,Raymond,13,F,E011,"Run Long Jump",506
G019,"Julie Donovan El","Blossom Chang",Georgia,Mcintosh,34,F,E021,Developmental,0
G019,"Julie Donovan El","Blossom Chang",Georgia,Mcintosh,34,F,E099,"Olympic Town",0
G019,"Julie Donovan El","Blossom Chang",Gemma,Sutton,11,F,E002,"100 Meter Dash",25
G019,"Julie Donovan El","Blossom Chang",Gemma,Sutton,11,F,E013,"Standing Long Jump",308
G019,"Julie Donovan El","Blossom Chang",Lysandra,Key,15,F,E002,"100 Meter Dash",16
G019,"Julie Donovan El","Blossom Chang",Lysandra,Key,15,F,E013,"Standing Long Jump",505
G019,"Julie Donovan El","Blossom Chang",McKenzie,Rojas,15,F,E001,"50 Meter Dash",13
G019,"Julie Donovan El","Blossom Chang",McKenzie,Rojas,15,F,E013,"Standing Long Jump",306
G019,"Julie Donovan El","Blossom Chang",Kellie,Oconnor,17,F,E021,Developmental,0
G019,"Julie Donovan El","Blossom Chang",Kellie,Oconnor,17,F,E099,"Olympic Town",0
G042,"Orson Wilkinson Mid","Jennifer Ray",Byron,Washington,15,M,E015,"Softball Throw",2201
G042,"Orson Wilkinson Mid","Jennifer Ray",Byron,Washington,15,M,E021,Developmental,0
G042,"Orson Wilkinson Mid","Jennifer Ray",Shad,Curtis,14,M,E007,"100 Meter Walk",27
G042,"Orson Wilkinson Mid","Jennifer Ray",Shad,Curtis,14,M,E015,"Softball Throw",2008
G042,"Orson Wilkinson Mid","Jennifer Ray",Bevis,Holden,15,M,E021,Developmental,0
G042,"Orson Wilkinson Mid","Jennifer Ray",Bevis,Holden,15,M,E099,"Olympic Town",0
G042,"Orson Wilkinson Mid","Jennifer Ray",Cairo,Daugherty,14,M,E021,Developmental,0
G042,"Orson Wilkinson Mid","Jennifer Ray",Cairo,Daugherty,14,M,E099,"Olympic Town",0
G042,"Orson Wilkinson Mid","Jennifer Ray",Edward,Rich,15,M,E015,"Softball Throw",2300
G042,"Orson Wilkinson Mid","Jennifer Ray",Edward,Rich,15,M,E020,"25M Walk",15
G042,"Orson Wilkinson Mid","Jennifer Ray",Vernon,Gamble,15,M,E015,"Softball Throw",2506
G042,"Orson Wilkinson Mid","Jennifer Ray",Vernon,Gamble,15,M,E006,"30M Motor Wheelchair Sl",17
G042,"Orson Wilkinson Mid","Jennifer Ray",Steven,Weiss,15,M,E015,"Softball Throw",1507
G042,"Orson Wilkinson Mid","Jennifer Ray",Steven,Weiss,15,M,E005,"30M Wheelchair Sl",22
G042,"Orson Wilkinson Mid","Jennifer Ray",Dane,Rose,16,M,E015,"Softball Throw",7800
G042,"Orson Wilkinson Mid","Jennifer Ray",Dane,Rose,16,M,E002,"100 Meter Dash",37
G042,"Orson Wilkinson Mid","Jennifer Ray",Keane,Hardin,15,M,E015,"Softball Throw",105
G042,"Orson Wilkinson Mid","Jennifer Ray",Keane,Hardin,15,M,E006,"30M Motor Wheelchair Sl",18
G042,"Orson Wilkinson Mid","Jennifer Ray",Colorado,England,16,M,E015,"Softball Throw",210
G042,"Orson Wilkinson Mid","Jennifer Ray",Colorado,England,16,M,E006,"30M Motor Wheelchair Sl",48
G042,"Orson Wilkinson Mid","Jennifer Ray",Finn,Newton,15,M,E015,"Softball Throw",204
G042,"Orson Wilkinson Mid","Jennifer Ray",Finn,Newton,15,M,E020,"25M Walk",18
G042,"Orson Wilkinson Mid","Jennifer Ray",Carlos,Hurst,15,M,E015,"Softball Throw",203
G042,"Orson Wilkinson Mid","Jennifer Ray",Carlos,Hurst,15,M,E006,"30M Motor Wheelchair Sl",43
G042,"Orson Wilkinson Mid","Jennifer Ray",Buckminster,Glenn,14,M,E015,"Softball Throw",1011
G042,"Orson Wilkinson Mid","Jennifer Ray",Buckminster,Glenn,14,M,E005,"30M Wheelchair Sl",39
G042,"Orson Wilkinson Mid","Jennifer Ray",Arsenio,Pratt,14,M,E015,"Softball Throw",1710
G042,"Orson Wilkinson Mid","Jennifer Ray",Arsenio,Pratt,14,M,E005,"30M Wheelchair Sl",21
G042,"Orson Wilkinson Mid","Jennifer Ray",Dale,Burns,16,M,E015,"Softball Throw",803
G042,"Orson Wilkinson Mid","Jennifer Ray",Dale,Burns,16,M,E006,"30M Motor Wheelchair Sl",28
G042,"Orson Wilkinson Mid","Jennifer Ray",Otto,Black,14,M,E015,"Softball Throw",1007
G042,"Orson Wilkinson Mid","Jennifer Ray",Otto,Black,14,M,E005,"30M Wheelchair Sl",38
G042,"Orson Wilkinson Mid","Jennifer Ray",Kuame,Hale,14,M,E015,"Softball Throw",9200
G042,"Orson Wilkinson Mid","Jennifer Ray",Kuame,Hale,14,M,E002,"100 Meter Dash",23
G042,"Orson Wilkinson Mid","Jennifer Ray",Jack,Bradford,13,M,E015,"Softball Throw",1507
G042,"Orson Wilkinson Mid","Jennifer Ray",Jack,Bradford,13,M,E006,"30M Motor Wheelchair Sl",23
G042,"Orson Wilkinson Mid","Jennifer Ray",Kenyon,Clemons,14,M,E015,"Softball Throw",2500
G042,"Orson Wilkinson Mid","Jennifer Ray",Kenyon,Clemons,14,M,E006,"30M Motor Wheelchair Sl",16
G021,"Mohammad Farley Mid","Hanae Gates",Joy,Raymond,13,F,E002,"100 Meter Dash",50
G021,"Mohammad Farley Mid","Hanae Gates",Joy,Raymond,13,F,E015,"Softball Throw",1900
G021,"Mohammad Farley Mid","Hanae Gates",Frances,Hester,15,F,E001,"50 Meter Dash",40
G021,"Mohammad Farley Mid","Hanae Gates",Frances,Hester,15,F,E015,"Softball Throw",1500
G021,"Mohammad Farley Mid","Hanae Gates",Nora,Branch,14,F,E001,"50 Meter Dash",50
G021,"Mohammad Farley Mid","Hanae Gates",Nora,Branch,14,F,E015,"Softball Throw",2000
G021,"Mohammad Farley Mid","Hanae Gates",Chloe,Lawrence,13,F,E003,"200 Meter Dash",40
G021,"Mohammad Farley Mid","Hanae Gates",Chloe,Lawrence,13,F,E015,"Softball Throw",1500
G022,"Julian Patton Mid","Gretchen Neal",Peter,Taylor,15,M,E001,"50 Meter Dash",26
G022,"Julian Patton Mid","Gretchen Neal",Peter,Taylor,15,M,E015,"Softball Throw",300
G022,"Julian Patton Mid","Gretchen Neal",Hyatt,Whitaker,15,M,E001,"50 Meter Dash",23
G022,"Julian Patton Mid","Gretchen Neal",Hyatt,Whitaker,15,M,E013,"Standing Long Jump",301
G022,"Julian Patton Mid","Gretchen Neal",Yasir,Simmons,15,M,E013,"Standing Long Jump",200
G022,"Julian Patton Mid","Gretchen Neal",Yasir,Simmons,15,M,E015,"Softball Throw",500
G022,"Julian Patton Mid","Gretchen Neal",Rafael,Bruce,16,M,E013,"Standing Long Jump",6
G022,"Julian Patton Mid","Gretchen Neal",Rafael,Bruce,16,M,E015,"Softball Throw",400
G022,"Julian Patton Mid","Gretchen Neal",Amir,Vance,15,M,E015,"Softball Throw",600
G022,"Julian Patton Mid","Gretchen Neal",Amir,Vance,15,M,E001,"50 Meter Dash",23
G022,"Julian Patton Mid","Gretchen Neal",Jermaine,Henson,13,M,E015,"Softball Throw",300
G022,"Julian Patton Mid","Gretchen Neal",Jermaine,Henson,13,M,E001,"50 Meter Dash",26
G022,"Julian Patton Mid","Gretchen Neal",Herman,Weber,16,M,E015,"Softball Throw",400
G022,"Julian Patton Mid","Gretchen Neal",Herman,Weber,16,M,E001,"50 Meter Dash",25
G022,"Julian Patton Mid","Gretchen Neal",Denton,Waters,15,M,E001,"50 Meter Dash",23
G022,"Julian Patton Mid","Gretchen Neal",Denton,Waters,15,M,E015,"Softball Throw",500
G022,"Julian Patton Mid","Gretchen Neal",Stone,Knight,14,M,E013,"Standing Long Jump",300
G022,"Julian Patton Mid","Gretchen Neal",Stone,Knight,14,M,E015,"Softball Throw",500
G022,"Julian Patton Mid","Gretchen Neal",Emerson,Roberson,14,M,E001,"50 Meter Dash",23
G022,"Julian Patton Mid","Gretchen Neal",Emerson,Roberson,14,M,E013,"Standing Long Jump",200
G022,"Julian Patton Mid","Gretchen Neal",Blaze,Greene,15,M,E001,"50 Meter Dash",25
G022,"Julian Patton Mid","Gretchen Neal",Blaze,Greene,15,M,E015,"Softball Throw",500
G022,"Julian Patton Mid","Gretchen Neal",Jack,Padilla,14,M,E001,"50 Meter Dash",25
G022,"Julian Patton Mid","Gretchen Neal",Jack,Padilla,14,M,E015,"Softball Throw",500
G022,"Julian Patton Mid","Gretchen Neal",Demetrius,Odom,14,M,E001,"50 Meter Dash",23
G022,"Julian Patton Mid","Gretchen Neal",Demetrius,Odom,14,M,E015,"Softball Throw",500
G022,"Julian Patton Mid","Neville Wade",Ferris,Serrano,15,M,E002,"100 Meter Dash",22
G022,"Julian Patton Mid","Neville Wade",Ferris,Serrano,15,M,E015,"Softball Throw",1200
G022,"Julian Patton Mid","Neville Wade",Cedric,Castaneda,16,M,E001,"50 Meter Dash",52
G022,"Julian Patton Mid","Neville Wade",Cedric,Castaneda,16,M,E015,"Softball Throw",403
G022,"Julian Patton Mid","Neville Wade",Kato,Campos,14,M,E001,"50 Meter Dash",46
G022,"Julian Patton Mid","Neville Wade",Kato,Campos,14,M,E015,"Softball Throw",302
G022,"Julian Patton Mid","Neville Wade",Graham,Lyons,15,M,E002,"100 Meter Dash",102
G022,"Julian Patton Mid","Neville Wade",Graham,Lyons,15,M,E015,"Softball Throw",403
G022,"Julian Patton Mid","Neville Wade",Noble,Woodard,12,M,E007,"100 Meter Walk",131
G022,"Julian Patton Mid","Neville Wade",Noble,Woodard,12,M,E015,"Softball Throw",304
G022,"Julian Patton Mid","Neville Wade",Carl,Dominguez,13,M,E007,"100 Meter Walk",58
G022,"Julian Patton Mid","Neville Wade",Carl,Dominguez,13,M,E015,"Softball Throw",204
G022,"Julian Patton Mid","Neville Wade",Orlando,Adkins,14,M,E017,"25 M Wheelchair",31
G022,"Julian Patton Mid","Neville Wade",Orlando,Adkins,14,M,E015,"Softball Throw",1002
G022,"Julian Patton Mid","Thomas Melendez",Mira,Francis,15,F,E002,"100 Meter Dash",55
G022,"Julian Patton Mid","Thomas Melendez",Mira,Francis,15,F,E013,"Standing Long Jump",407
G022,"Julian Patton Mid","Thomas Melendez",Germaine,Tran,15,F,E013,"Standing Long Jump",408
G022,"Julian Patton Mid","Thomas Melendez",Germaine,Tran,15,F,E015,"Softball Throw",1502
G022,"Julian Patton Mid","Thomas Melendez",Quintessa,Heath,16,F,E003,"200 Meter Dash",130
G022,"Julian Patton Mid","Thomas Melendez",Quintessa,Heath,16,F,E013,"Standing Long Jump",510
G022,"Julian Patton Mid","Thomas Melendez",Lacey,Cantrell,15,F,E015,"Softball Throw",2503
G022,"Julian Patton Mid","Thomas Melendez",Lacey,Cantrell,15,F,E002,"100 Meter Dash",105
G022,"Julian Patton Mid","Thomas Melendez",Odette,Ferrell,14,F,E015,"Softball Throw",3504
G022,"Julian Patton Mid","Thomas Melendez",Odette,Ferrell,14,F,E013,"Standing Long Jump",502
G022,"Julian Patton Mid","Thomas Melendez",Ursa,Waters,15,F,E013,"Standing Long Jump",508
G022,"Julian Patton Mid","Thomas Melendez",Ursa,Waters,15,F,E002,"100 Meter Dash",35
G022,"Julian Patton Mid","Thomas Melendez",Samantha,Chang,17,F,E002,"100 Meter Dash",45
G022,"Julian Patton Mid","Thomas Melendez",Samantha,Chang,17,F,E013,"Standing Long Jump",502
G022,"Julian Patton Mid","Thomas Melendez",Iona,Gray,15,F,E017,"25 M Wheelchair",21
G022,"Julian Patton Mid","Thomas Melendez",Iona,Gray,15,F,E018,"Wheelchair Shot Put",2507
G023,"Frances Sellers Mid","Quentin Bennett",Ashely,Sloan,12,F,E002,"100 Meter Dash",30
G023,"Frances Sellers Mid","Quentin Bennett",Ashely,Sloan,12,F,E015,"Softball Throw",1501
G023,"Frances Sellers Mid","Quentin Bennett",Robin,Lee,13,F,E002,"100 Meter Dash",37
G023,"Frances Sellers Mid","Quentin Bennett",Robin,Lee,13,F,E015,"Softball Throw",1803
G023,"Frances Sellers Mid","Quentin Bennett",Blossom,Hendrix,14,F,E002,"100 Meter Dash",46
G023,"Frances Sellers Mid","Quentin Bennett",Blossom,Hendrix,14,F,E015,"Softball Throw",1604
G023,"Frances Sellers Mid","Quentin Bennett",Rebekah,Randall,13,F,E002,"100 Meter Dash",33
G023,"Frances Sellers Mid","Quentin Bennett",Rebekah,Randall,13,F,E015,"Softball Throw",3307
G023,"Frances Sellers Mid","Quentin Bennett",Shelley,Knapp,15,F,E002,"100 Meter Dash",46
G023,"Frances Sellers Mid","Quentin Bennett",Shelley,Knapp,15,F,E015,"Softball Throw",1305
G023,"Frances Sellers Mid","Quentin Bennett",Mary,Grimes,14,F,E002,"100 Meter Dash",23
G023,"Frances Sellers Mid","Quentin Bennett",Mary,Grimes,14,F,E015,"Softball Throw",4705
G023,"Frances Sellers Mid","Quentin Bennett",Adria,Gomez,16,F,E002,"100 Meter Dash",40
G023,"Frances Sellers Mid","Quentin Bennett",Adria,Gomez,16,F,E015,"Softball Throw",2608
G023,"Frances Sellers Mid","Quentin Bennett",Larissa,Harmon,15,F,E002,"100 Meter Dash",28
G023,"Frances Sellers Mid","Quentin Bennett",Larissa,Harmon,15,F,E015,"Softball Throw",4307
G023,"Frances Sellers Mid","Quentin Bennett",Minerva,Steele,12,F,E002,"100 Meter Dash",28
G023,"Frances Sellers Mid","Quentin Bennett",Minerva,Steele,12,F,E015,"Softball Throw",3304
G023,"Frances Sellers Mid","Quentin Bennett",Meredith,Kinney,13,F,E002,"100 Meter Dash",36
G023,"Frances Sellers Mid","Quentin Bennett",Meredith,Kinney,13,F,E015,"Softball Throw",2409
G023,"Frances Sellers Mid","Quentin Bennett",Fallon,Davenport,14,F,E002,"100 Meter Dash",20
G023,"Frances Sellers Mid","Quentin Bennett",Fallon,Davenport,14,F,E011,"Run Long Jump",408
G023,"Frances Sellers Mid","Quentin Bennett",Lacy,Wilcox,16,F,E002,"100 Meter Dash",22
G023,"Frances Sellers Mid","Quentin Bennett",Lacy,Wilcox,16,F,E011,"Run Long Jump",704
G023,"Frances Sellers Mid","Quentin Bennett",Darryl,Spencer,13,F,E002,"100 Meter Dash",19
G023,"Frances Sellers Mid","Quentin Bennett",Darryl,Spencer,13,F,E011,"Run Long Jump",804
G023,"Frances Sellers Mid","Quentin Bennett",Iris,Spencer,15,F,E002,"100 Meter Dash",28
G023,"Frances Sellers Mid","Quentin Bennett",Iris,Spencer,15,F,E011,"Run Long Jump",506
G023,"Frances Sellers Mid","Quentin Bennett",Eliana,Christensen,14,F,E002,"100 Meter Dash",30
G023,"Frances Sellers Mid","Quentin Bennett",Eliana,Christensen,14,F,E015,"Softball Throw",1807
G023,"Frances Sellers Mid","Quentin Bennett",Dara,Rodgers,13,F,E002,"100 Meter Dash",24
G023,"Frances Sellers Mid","Quentin Bennett",Dara,Rodgers,13,F,E015,"Softball Throw",6309
G023,"Frances Sellers Mid","Quentin Bennett",Courtney,Suarez,13,F,E002,"100 Meter Dash",32
G023,"Frances Sellers Mid","Quentin Bennett",Courtney,Suarez,13,F,E015,"Softball Throw",3909
G023,"Frances Sellers Mid","Quentin Bennett",Ruby,Aguirre,12,F,E002,"100 Meter Dash",27
G023,"Frances Sellers Mid","Quentin Bennett",Ruby,Aguirre,12,F,E015,"Softball Throw",3106
G023,"Frances Sellers Mid","Quentin Bennett",Amena,Shepherd,17,F,E001,"50 Meter Dash",19
G023,"Frances Sellers Mid","Quentin Bennett",Amena,Shepherd,17,F,E015,"Softball Throw",2307
G024,"Solomon Brock Mid","Remedios Keller",MacKensie,Mack,15,F,E002,"100 Meter Dash",17
G024,"Solomon Brock Mid","Remedios Keller",MacKensie,Mack,15,F,E015,"Softball Throw",2000
G024,"Solomon Brock Mid","Remedios Keller",Fredericka,Burton,15,F,E002,"100 Meter Dash",19
G024,"Solomon Brock Mid","Remedios Keller",Fredericka,Burton,15,F,E015,"Softball Throw",8500
G024,"Solomon Brock Mid","Remedios Keller",Mia,Nicholson,12,F,E001,"50 Meter Dash",11
G024,"Solomon Brock Mid","Remedios Keller",Mia,Nicholson,12,F,E011,"Run Long Jump",200
G024,"Solomon Brock Mid","Remedios Keller",Sacha,Martinez,14,F,E002,"100 Meter Dash",18
G024,"Solomon Brock Mid","Remedios Keller",Sacha,Martinez,14,F,E013,"Standing Long Jump",200
G024,"Solomon Brock Mid","Remedios Keller",Delilah,Deleon,13,F,E002,"100 Meter Dash",20
G024,"Solomon Brock Mid","Remedios Keller",Delilah,Deleon,13,F,E015,"Softball Throw",2300
G024,"Solomon Brock Mid","Remedios Keller",Halla,Petty,15,F,E007,"100 Meter Walk",112
G024,"Solomon Brock Mid","Remedios Keller",Halla,Petty,15,F,E015,"Softball Throw",1200
G024,"Solomon Brock Mid","Remedios Keller",Jorden,York,15,F,E001,"50 Meter Dash",9
G024,"Solomon Brock Mid","Remedios Keller",Jorden,York,15,F,E011,"Run Long Jump",307
G024,"Solomon Brock Mid","Remedios Keller",Georgia,Melton,15,F,E001,"50 Meter Dash",10
G024,"Solomon Brock Mid","Remedios Keller",Georgia,Melton,15,F,E011,"Run Long Jump",404
G024,"Solomon Brock Mid","Remedios Keller",Kitra,Haynes,15,F,E001,"50 Meter Dash",12
G024,"Solomon Brock Mid","Remedios Keller",Kitra,Haynes,15,F,E015,"Softball Throw",7900
G024,"Solomon Brock Mid","Remedios Keller",Ann,Griffin,12,F,E001,"50 Meter Dash",12
G024,"Solomon Brock Mid","Remedios Keller",Ann,Griffin,12,F,E011,"Run Long Jump",200
G024,"Solomon Brock Mid","Remedios Keller",Daphne,Lloyd,16,F,E001,"50 Meter Dash",10
G024,"Solomon Brock Mid","Remedios Keller",Daphne,Lloyd,16,F,E011,"Run Long Jump",200
G024,"Solomon Brock Mid","Remedios Keller",Doris,Henderson,14,F,E007,"100 Meter Walk",104
G024,"Solomon Brock Mid","Remedios Keller",Doris,Henderson,14,F,E015,"Softball Throw",3000
G024,"Solomon Brock Mid","Remedios Keller",Quintessa,Villarreal,15,F,E001,"50 Meter Dash",15
G024,"Solomon Brock Mid","Remedios Keller",Quintessa,Villarreal,15,F,E015,"Softball Throw",3000
G024,"Solomon Brock Mid","Remedios Keller",Joy,Whitney,14,F,E002,"100 Meter Dash",20
G024,"Solomon Brock Mid","Remedios Keller",Joy,Whitney,14,F,E015,"Softball Throw",4700
G024,"Solomon Brock Mid","Remedios Keller",Serena,Gomez,15,F,E001,"50 Meter Dash",9
G024,"Solomon Brock Mid","Remedios Keller",Serena,Gomez,15,F,E011,"Run Long Jump",509
G024,"Solomon Brock Mid","Remedios Keller",Willa,Downs,13,F,E001,"50 Meter Dash",8
G024,"Solomon Brock Mid","Remedios Keller",Willa,Downs,13,F,E011,"Run Long Jump",206
G024,"Solomon Brock Mid","Remedios Keller",Serina,Curry,14,F,E001,"50 Meter Dash",9
G024,"Solomon Brock Mid","Remedios Keller",Serina,Curry,14,F,E011,"Run Long Jump",300
G024,"Solomon Brock Mid","Remedios Keller",Calista,Waller,14,F,E001,"50 Meter Dash",12
G024,"Solomon Brock Mid","Remedios Keller",Calista,Waller,14,F,E011,"Run Long Jump",200
G024,"Solomon Brock Mid","Remedios Keller",Jorden,Mercado,17,F,E007,"100 Meter Walk",104
G024,"Solomon Brock Mid","Remedios Keller",Jorden,Mercado,17,F,E015,"Softball Throw",2000
G024,"Solomon Brock Mid","Remedios Keller",Kirestin,Bowers,16,F,E001,"50 Meter Dash",10
G024,"Solomon Brock Mid","Remedios Keller",Kirestin,Bowers,16,F,E015,"Softball Throw",6500
G024,"Solomon Brock Mid","Remedios Keller",Myra,Gilmore,14,F,E001,"50 Meter Dash",13
G024,"Solomon Brock Mid","Remedios Keller",Myra,Gilmore,14,F,E013,"Standing Long Jump",303
G024,"Solomon Brock Mid","Remedios Keller",Phyllis,Brown,13,F,E001,"50 Meter Dash",9
G024,"Solomon Brock Mid","Remedios Keller",Phyllis,Brown,13,F,E011,"Run Long Jump",707
G025,"Ivan Leonard Mid","Zephania Cash",Emma,King,16,F,E015,"Softball Throw",2300
G025,"Ivan Leonard Mid","Zephania Cash",Emma,King,16,F,E013,"Standing Long Jump",306
G025,"Ivan Leonard Mid","Zephania Cash",Charissa,Hicks,14,F,E015,"Softball Throw",2400
G025,"Ivan Leonard Mid","Zephania Cash",Charissa,Hicks,14,F,E013,"Standing Long Jump",303
G025,"Ivan Leonard Mid","Zephania Cash",Hanna,Bryant,14,F,E015,"Softball Throw",4500
G025,"Ivan Leonard Mid","Zephania Cash",Hanna,Bryant,14,F,E013,"Standing Long Jump",400
G025,"Ivan Leonard Mid","Zephania Cash",Mary,Mcpherson,13,F,E015,"Softball Throw",1000
G025,"Ivan Leonard Mid","Zephania Cash",Mary,Mcpherson,13,F,E013,"Standing Long Jump",300
G025,"Ivan Leonard Mid","Marah Rowe",Xyla,Hines,16,F,E003,"200 Meter Dash",30
G025,"Ivan Leonard Mid","Marah Rowe",Xyla,Hines,16,F,E013,"Standing Long Jump",305
G025,"Ivan Leonard Mid","Marah Rowe",Shaine,Oliver,13,F,E007,"100 Meter Walk",253
G025,"Ivan Leonard Mid","Marah Rowe",Shaine,Oliver,13,F,E015,"Softball Throw",902
G025,"Ivan Leonard Mid","Marah Rowe",Kirsten,Harmon,14,F,E002,"100 Meter Dash",40
G025,"Ivan Leonard Mid","Marah Rowe",Kirsten,Harmon,14,F,E013,"Standing Long Jump",305
G025,"Ivan Leonard Mid","Marah Rowe",Chastity,Pena,14,F,E002,"100 Meter Dash",46
G025,"Ivan Leonard Mid","Marah Rowe",Chastity,Pena,14,F,E013,"Standing Long Jump",208
G025,"Ivan Leonard Mid","Marah Rowe",Jana,Malone,15,F,E002,"100 Meter Dash",45
G025,"Ivan Leonard Mid","Marah Rowe",Jana,Malone,15,F,E013,"Standing Long Jump",302
G025,"Ivan Leonard Mid","Marah Rowe",Camille,Duffy,13,F,E007,"100 Meter Walk",120
G025,"Ivan Leonard Mid","Marah Rowe",Camille,Duffy,13,F,E015,"Softball Throw",1000
G026,"Marvin Monroe Mid","Ainsley Brock",Shaeleigh,Booker,16,F,E001,"50 Meter Dash",26
G026,"Marvin Monroe Mid","Ainsley Brock",Shaeleigh,Booker,16,F,E015,"Softball Throw",4004
G026,"Marvin Monroe Mid","Ainsley Brock",Yvonne,Mcclain,15,F,E002,"100 Meter Dash",38
G026,"Marvin Monroe Mid","Ainsley Brock",Yvonne,Mcclain,15,F,E015,"Softball Throw",5804
G026,"Marvin Monroe Mid","Ainsley Brock",Dorothy,Brennan,16,F,E002,"100 Meter Dash",44
G026,"Marvin Monroe Mid","Ainsley Brock",Dorothy,Brennan,16,F,E015,"Softball Throw",4806
G026,"Marvin Monroe Mid","Ainsley Brock",Casey,Huffman,16,F,E002,"100 Meter Dash",52
G026,"Marvin Monroe Mid","Ainsley Brock",Casey,Huffman,16,F,E015,"Softball Throw",3402
G026,"Marvin Monroe Mid","Ainsley Brock",Maya,Ellis,15,F,E002,"100 Meter Dash",33
G026,"Marvin Monroe Mid","Ainsley Brock",Maya,Ellis,15,F,E015,"Softball Throw",5005
G026,"Marvin Monroe Mid","Ainsley Brock",Doris,Whitley,14,F,E002,"100 Meter Dash",49
G026,"Marvin Monroe Mid","Ainsley Brock",Doris,Whitley,14,F,E015,"Softball Throw",2703
G026,"Marvin Monroe Mid","Ainsley Brock",Lenore,Kirk,15,F,E001,"50 Meter Dash",27
G026,"Marvin Monroe Mid","Ainsley Brock",Lenore,Kirk,15,F,E015,"Softball Throw",3107
G026,"Marvin Monroe Mid","Ainsley Brock",Chava,Horne,14,F,E002,"100 Meter Dash",49
G026,"Marvin Monroe Mid","Ainsley Brock",Chava,Horne,14,F,E015,"Softball Throw",3405
G026,"Marvin Monroe Mid","Ainsley Brock",Kelsey,Mcclure,13,F,E002,"100 Meter Dash",48
G026,"Marvin Monroe Mid","Ainsley Brock",Kelsey,Mcclure,13,F,E015,"Softball Throw",4704
G026,"Marvin Monroe Mid","Ainsley Brock",Avye,Trujillo,14,F,E002,"100 Meter Dash",56
G026,"Marvin Monroe Mid","Ainsley Brock",Avye,Trujillo,14,F,E015,"Softball Throw",6202
G028,"Ali Albert Mid","Haley Wade",Colleen,Valenzuela,19,F,E013,"Standing Long Jump",402
G028,"Ali Albert Mid","Haley Wade",Colleen,Valenzuela,19,F,E001,"50 Meter Dash",0
G028,"Ali Albert Mid","Haley Wade",Rylee,Smith,17,F,E013,"Standing Long Jump",210
G028,"Ali Albert Mid","Haley Wade",Rylee,Smith,17,F,E001,"50 Meter Dash",0
G028,"Ali Albert Mid","Haley Wade",Isabelle,Trujillo,20,F,E013,"Standing Long Jump",207
G028,"Ali Albert Mid","Haley Wade",Isabelle,Trujillo,20,F,E001,"50 Meter Dash",0
G028,"Ali Albert Mid","Haley Wade",Hilary,Fitzpatrick,21,F,E013,"Standing Long Jump",508
G028,"Ali Albert Mid","Haley Wade",Hilary,Fitzpatrick,21,F,E001,"50 Meter Dash",0
G028,"Ali Albert Mid","Haley Wade",Molly,Mcmillan,21,F,E013,"Standing Long Jump",206
G028,"Ali Albert Mid","Haley Wade",Molly,Mcmillan,21,F,E001,"50 Meter Dash",0
G028,"Ali Albert Mid","Haley Wade",Robin,Gaines,17,F,E013,"Standing Long Jump",111
G028,"Ali Albert Mid","Haley Wade",Robin,Gaines,17,F,E001,"50 Meter Dash",0
G028,"Ali Albert Mid","Haley Wade",Chloe,Christian,18,F,E013,"Standing Long Jump",401
G028,"Ali Albert Mid","Haley Wade",Chloe,Christian,18,F,E001,"50 Meter Dash",0
G028,"Ali Albert Mid","Haley Wade",Britanni,Hunt,20,F,E013,"Standing Long Jump",205
G028,"Ali Albert Mid","Haley Wade",Britanni,Hunt,20,F,E001,"50 Meter Dash",0
G028,"Ali Albert Mid","Haley Wade",Darrel,Cunningham,20,F,E013,"Standing Long Jump",407
G028,"Ali Albert Mid","Haley Wade",Darrel,Cunningham,20,F,E001,"50 Meter Dash",0
G028,"Ali Albert Mid","Haley Wade",Penelope,Hardin,21,F,E013,"Standing Long Jump",204
G028,"Ali Albert Mid","Haley Wade",Penelope,Hardin,21,F,E001,"50 Meter Dash",0
G028,"Ali Albert Mid","Haley Wade",Madison,Matthews,16,F,E013,"Standing Long Jump",206
G028,"Ali Albert Mid","Haley Wade",Madison,Matthews,16,F,E099,"Olympic Town",0
G028,"Ali Albert Mid","Haley Wade",Blossom,Mcdonald,16,F,E013,"Standing Long Jump",210
G028,"Ali Albert Mid","Haley Wade",Blossom,Mcdonald,16,F,E001,"50 Meter Dash",0
G028,"Ali Albert Mid","Haley Wade",Hanna,Kerr,20,F,E013,"Standing Long Jump",305
G028,"Ali Albert Mid","Haley Wade",Hanna,Kerr,20,F,E001,"50 Meter Dash",0
G028,"Ali Albert Mid","Haley Wade",Jacqueline,Justice,17,F,E013,"Standing Long Jump",102
G028,"Ali Albert Mid","Haley Wade",Jacqueline,Justice,17,F,E001,"50 Meter Dash",0
G029,"Cara Short Mid","Evan Hale",Rosalyn,Hall,22,F,E015,"Softball Throw",2900
G029,"Cara Short Mid","Evan Hale",Rosalyn,Hall,22,F,E001,"50 Meter Dash",15
G029,"Cara Short Mid","Evan Hale",Echo,Bennett,20,F,E001,"50 Meter Dash",9
G029,"Cara Short Mid","Evan Hale",Echo,Bennett,20,F,E015,"Softball Throw",9406
G029,"Cara Short Mid","Evan Hale",Kelsie,Wilkerson,22,F,E001,"50 Meter Dash",18
G029,"Cara Short Mid","Evan Hale",Kelsie,Wilkerson,22,F,E015,"Softball Throw",1309
G029,"Cara Short Mid","Evan Hale",Aurelia,Mayo,19,F,E015,"Softball Throw",3300
G029,"Cara Short Mid","Evan Hale",Aurelia,Mayo,19,F,E013,"Standing Long Jump",309
G029,"Cara Short Mid","Evan Hale",Winter,Marshall,17,F,E001,"50 Meter Dash",11
G029,"Cara Short Mid","Evan Hale",Winter,Marshall,17,F,E015,"Softball Throw",7300
G029,"Cara Short Mid","Evan Hale",Orli,Hatfield,16,F,E002,"100 Meter Dash",17
G029,"Cara Short Mid","Evan Hale",Orli,Hatfield,16,F,E013,"Standing Long Jump",406
G029,"Cara Short Mid","Evan Hale",Ima,Moody,16,F,E007,"100 Meter Walk",21
G029,"Cara Short Mid","Evan Hale",Ima,Moody,16,F,E015,"Softball Throw",5506
G029,"Cara Short Mid","Rosalyn Conway",Autumn,Chandler,18,F,E015,"Softball Throw",1806
G029,"Cara Short Mid","Rosalyn Conway",Autumn,Chandler,18,F,E002,"100 Meter Dash",106
G029,"Cara Short Mid","Rosalyn Conway",Lara,Best,19,F,E015,"Softball Throw",3605
G029,"Cara Short Mid","Rosalyn Conway",Lara,Best,19,F,E002,"100 Meter Dash",30
G029,"Cara Short Mid","Rosalyn Conway",Gisela,Ryan,20,F,E015,"Softball Throw",2607
G029,"Cara Short Mid","Rosalyn Conway",Gisela,Ryan,20,F,E002,"100 Meter Dash",27
G029,"Cara Short Mid","Rosalyn Conway",Phyllis,Vega,17,F,E015,"Softball Throw",2206
G029,"Cara Short Mid","Rosalyn Conway",Phyllis,Vega,17,F,E008,"400 Meter Walk",358
G029,"Cara Short Mid","Rosalyn Conway",Dora,Cunningham,20,F,E015,"Softball Throw",2707
G029,"Cara Short Mid","Rosalyn Conway",Dora,Cunningham,20,F,E002,"100 Meter Dash",26
G029,"Cara Short Mid","Rosalyn Conway",Rhonda,Reese,18,F,E015,"Softball Throw",3407
G029,"Cara Short Mid","Rosalyn Conway",Rhonda,Reese,18,F,E003,"200 Meter Dash",45
G030,"Caleb Sutton Mid","Noelani Gilbert",Chancellor,Woodard,16,M,E007,"100 Meter Walk",105
G030,"Caleb Sutton Mid","Noelani Gilbert",Chancellor,Woodard,16,M,E015,"Softball Throw",3700
G030,"Caleb Sutton Mid","Noelani Gilbert",Stephen,Pollard,21,M,E007,"100 Meter Walk",36
G030,"Caleb Sutton Mid","Noelani Gilbert",Stephen,Pollard,21,M,E015,"Softball Throw",5009
G030,"Caleb Sutton Mid","Noelani Gilbert",Plato,Howard,20,M,E007,"100 Meter Walk",50
G030,"Caleb Sutton Mid","Noelani Gilbert",Plato,Howard,20,M,E015,"Softball Throw",2007
G030,"Caleb Sutton Mid","Noelani Gilbert",Plato,Franklin,19,M,E011,"Run Long Jump",402
G030,"Caleb Sutton Mid","Noelani Gilbert",Plato,Franklin,19,M,E015,"Softball Throw",5308
G030,"Caleb Sutton Mid","Noelani Gilbert",Bernard,Rosario,19,M,E011,"Run Long Jump",307
G030,"Caleb Sutton Mid","Noelani Gilbert",Bernard,Rosario,19,M,E015,"Softball Throw",8800
G030,"Caleb Sutton Mid","Noelani Gilbert",Ivor,Gregory,18,M,E001,"50 Meter Dash",18
G030,"Caleb Sutton Mid","Noelani Gilbert",Ivor,Gregory,18,M,E015,"Softball Throw",2406
G030,"Caleb Sutton Mid","Noelani Gilbert",Theodore,Weaver,22,M,E007,"100 Meter Walk",40
G030,"Caleb Sutton Mid","Noelani Gilbert",Theodore,Weaver,22,M,E015,"Softball Throw",3309
G030,"Caleb Sutton Mid","Eagan Griffith",Amal,Mercado,22,M,E002,"100 Meter Dash",26
G030,"Caleb Sutton Mid","Eagan Griffith",Amal,Mercado,22,M,E013,"Standing Long Jump",506
G030,"Caleb Sutton Mid","Eagan Griffith",Bert,Collins,20,M,E001,"50 Meter Dash",28
G030,"Caleb Sutton Mid","Eagan Griffith",Bert,Collins,20,M,E015,"Softball Throw",5300
G030,"Caleb Sutton Mid","Eagan Griffith",Callum,Garrison,17,M,E001,"50 Meter Dash",24
G030,"Caleb Sutton Mid","Eagan Griffith",Callum,Garrison,17,M,E015,"Softball Throw",1509
G030,"Caleb Sutton Mid","Eagan Griffith",Castor,Golden,21,M,E001,"50 Meter Dash",25
G030,"Caleb Sutton Mid","Eagan Griffith",Castor,Golden,21,M,E015,"Softball Throw",2408
G030,"Caleb Sutton Mid","Eagan Griffith",Melvin,Burch,17,M,E001,"50 Meter Dash",108
G030,"Caleb Sutton Mid","Eagan Griffith",Melvin,Burch,17,M,E015,"Softball Throw",1509
G030,"Caleb Sutton Mid","Eagan Griffith",Clinton,Tanner,18,M,E007,"100 Meter Walk",0
G030,"Caleb Sutton Mid","Eagan Griffith",Clinton,Tanner,18,M,E015,"Softball Throw",1800
G030,"Caleb Sutton Mid","Eagan Griffith",Vernon,Dunn,19,M,E002,"100 Meter Dash",28
G030,"Caleb Sutton Mid","Eagan Griffith",Vernon,Dunn,19,M,E015,"Softball Throw",8806
G030,"Caleb Sutton Mid","Eagan Griffith",Eaton,Davenport,21,M,E007,"100 Meter Walk",115
G030,"Caleb Sutton Mid","Eagan Griffith",Eaton,Davenport,21,M,E015,"Softball Throw",3300
G030,"Caleb Sutton Mid","Eagan Griffith",Noble,Abbott,22,M,E001,"50 Meter Dash",38
G030,"Caleb Sutton Mid","Eagan Griffith",Noble,Abbott,22,M,E013,"Standing Long Jump",100
G030,"Caleb Sutton Mid","Eagan Griffith",Camden,Williamson,19,M,E002,"100 Meter Dash",34
G030,"Caleb Sutton Mid","Eagan Griffith",Camden,Williamson,19,M,E015,"Softball Throw",5500
G030,"Caleb Sutton Mid","Eagan Griffith",Clayton,Moon,17,M,E001,"50 Meter Dash",36
G030,"Caleb Sutton Mid","Eagan Griffith",Clayton,Moon,17,M,E015,"Softball Throw",2707
G030,"Caleb Sutton Mid","Eagan Griffith",Plato,Tillman,21,M,E007,"100 Meter Walk",110
G030,"Caleb Sutton Mid","Eagan Griffith",Plato,Tillman,21,M,E015,"Softball Throw",2000
G030,"Caleb Sutton Mid","Eagan Griffith",Arden,Justice,19,M,E001,"50 Meter Dash",19
G030,"Caleb Sutton Mid","Eagan Griffith",Arden,Justice,19,M,E013,"Standing Long Jump",406
G030,"Caleb Sutton Mid","Eagan Griffith",Chancellor,Weber,16,M,E001,"50 Meter Dash",20
G030,"Caleb Sutton Mid","Eagan Griffith",Chancellor,Weber,16,M,E015,"Softball Throw",3906
G031,"Hilel Matthews Mid","Cody Meyer",Sophia,Beach,16,F,E001,"50 Meter Dash",11
G031,"Hilel Matthews Mid","Cody Meyer",Sophia,Beach,16,F,E015,"Softball Throw",303
G031,"Hilel Matthews Mid","Cody Meyer",Rama,Terry,21,F,E001,"50 Meter Dash",11
G031,"Hilel Matthews Mid","Cody Meyer",Rama,Terry,21,F,E015,"Softball Throw",2902
G031,"Hilel Matthews Mid","Cody Meyer",Lydia,Osborn,19,F,E001,"50 Meter Dash",10
G031,"Hilel Matthews Mid","Cody Meyer",Lydia,Osborn,19,F,E015,"Softball Throw",6000
G031,"Hilel Matthews Mid","Cody Meyer",Vielka,Castaneda,19,F,E001,"50 Meter Dash",11
G031,"Hilel Matthews Mid","Cody Meyer",Vielka,Castaneda,19,F,E015,"Softball Throw",3409
G031,"Hilel Matthews Mid","Cody Meyer",MacKenzie,Harrington,17,F,E001,"50 Meter Dash",12
G031,"Hilel Matthews Mid","Cody Meyer",MacKenzie,Harrington,17,F,E015,"Softball Throw",1801
G031,"Hilel Matthews Mid","Cody Meyer",Regan,Kim,20,F,E001,"50 Meter Dash",16
G031,"Hilel Matthews Mid","Cody Meyer",Regan,Kim,20,F,E015,"Softball Throw",1705
G031,"Hilel Matthews Mid","Cody Meyer",Jessamine,Villarreal,17,F,E001,"50 Meter Dash",17
G031,"Hilel Matthews Mid","Cody Meyer",Jessamine,Villarreal,17,F,E015,"Softball Throw",2007
G031,"Hilel Matthews Mid","Cody Meyer",Genevieve,Deleon,20,F,E001,"50 Meter Dash",11
G031,"Hilel Matthews Mid","Cody Meyer",Genevieve,Deleon,20,F,E015,"Softball Throw",2205
G032,"Heidi Russo High","Brynn Hines",Yoko,Hebert,21,F,E015,"Softball Throw",1802
G032,"Heidi Russo High","Brynn Hines",Yoko,Hebert,21,F,E006,"30M Motor Wheelchair Sl",28
G032,"Heidi Russo High","Brynn Hines",Scarlett,Shelton,19,F,E002,"100 Meter Dash",25
G032,"Heidi Russo High","Brynn Hines",Scarlett,Shelton,19,F,E015,"Softball Throw",3700
G032,"Heidi Russo High","Brynn Hines",Lilah,Bartlett,18,F,E001,"50 Meter Dash",23
G032,"Heidi Russo High","Brynn Hines",Lilah,Bartlett,18,F,E015,"Softball Throw",1600
G032,"Heidi Russo High","Brynn Hines",Ariel,Mooney,18,F,E013,"Standing Long Jump",3000
G032,"Heidi Russo High","Brynn Hines",Ariel,Mooney,18,F,E015,"Softball Throw",4200
G032,"Heidi Russo High","Brynn Hines",Kylee,Wynn,18,F,E017,"25 M Wheelchair",30
G032,"Heidi Russo High","Brynn Hines",Kylee,Wynn,18,F,E015,"Softball Throw",1500
G032,"Heidi Russo High","Brynn Hines",Kendall,Jackson,17,F,E005,"30M Wheelchair Sl",26
G032,"Heidi Russo High","Brynn Hines",Kendall,Jackson,17,F,E015,"Softball Throw",1100
G032,"Heidi Russo High","Brynn Hines",Amanda,Gutierrez,17,F,E017,"25 M Wheelchair",10
G032,"Heidi Russo High","Brynn Hines",Amanda,Gutierrez,17,F,E018,"Wheelchair Shot Put",900
G032,"Heidi Russo High","Brynn Hines",Eve,Lee,19,F,E017,"25 M Wheelchair",27
G032,"Heidi Russo High","Brynn Hines",Eve,Lee,19,F,E015,"Softball Throw",1800
G032,"Heidi Russo High","Brynn Hines",Angelica,George,19,F,E001,"50 Meter Dash",21
G032,"Heidi Russo High","Brynn Hines",Angelica,George,19,F,E015,"Softball Throw",3400
G032,"Heidi Russo High","Brynn Hines",Noelani,Schmidt,19,F,E017,"25 M Wheelchair",25
G032,"Heidi Russo High","Brynn Hines",Noelani,Schmidt,19,F,E015,"Softball Throw",1306
G032,"Heidi Russo High","Brynn Hines",Alice,Knight,17,F,E017,"25 M Wheelchair",2006
G032,"Heidi Russo High","Brynn Hines",Alice,Knight,17,F,E015,"Softball Throw",3000
G032,"Heidi Russo High","Brynn Hines",Olga,Garza,19,F,E015,"Softball Throw",6400
G032,"Heidi Russo High","Brynn Hines",Olga,Garza,19,F,E011,"Run Long Jump",900
G032,"Heidi Russo High","Brynn Hines",Belle,Calderon,21,F,E001,"50 Meter Dash",21
G032,"Heidi Russo High","Brynn Hines",Belle,Calderon,21,F,E015,"Softball Throw",1700
G032,"Heidi Russo High","Brynn Hines",Quinn,Chambers,17,F,E001,"50 Meter Dash",16
G032,"Heidi Russo High","Brynn Hines",Quinn,Chambers,17,F,E015,"Softball Throw",5500
G032,"Heidi Russo High","Brynn Hines",Ima,Combs,22,F,E006,"30M Motor Wheelchair Sl",56
G032,"Heidi Russo High","Brynn Hines",Ima,Combs,22,F,E015,"Softball Throw",300
G032,"Heidi Russo High","Brynn Hines",Bree,Castaneda,17,F,E017,"25 M Wheelchair",18
G032,"Heidi Russo High","Brynn Hines",Bree,Castaneda,17,F,E015,"Softball Throw",1200
G032,"Heidi Russo High","Brynn Hines",Destiny,Herring,20,F,E020,"25M Walk",14
G032,"Heidi Russo High","Brynn Hines",Destiny,Herring,20,F,E015,"Softball Throw",1500
G032,"Heidi Russo High","Brynn Hines",Emi,Bradshaw,18,F,E001,"50 Meter Dash",10
G032,"Heidi Russo High","Brynn Hines",Emi,Bradshaw,18,F,E013,"Standing Long Jump",3100
G032,"Heidi Russo High","Brynn Hines",Emerald,Prince,22,F,E001,"50 Meter Dash",16
G032,"Heidi Russo High","Brynn Hines",Emerald,Prince,22,F,E014,"Shot Put",1700
G032,"Heidi Russo High","Brynn Hines",Amber,Gilmore,17,F,E006,"30M Motor Wheelchair Sl",16
G032,"Heidi Russo High","Brynn Hines",Amber,Gilmore,17,F,E015,"Softball Throw",1100
G032,"Heidi Russo High","Desiree Harmon",Mercedes,Mccray,19,F,E001,"50 Meter Dash",14
G032,"Heidi Russo High","Desiree Harmon",Mercedes,Mccray,19,F,E013,"Standing Long Jump",101
G032,"Heidi Russo High","Desiree Harmon",Savannah,Black,21,F,E002,"100 Meter Dash",31
G032,"Heidi Russo High","Desiree Harmon",Savannah,Black,21,F,E015,"Softball Throw",6000
G032,"Heidi Russo High","Desiree Harmon",Bo,Mcleod,20,F,E001,"50 Meter Dash",12
G032,"Heidi Russo High","Desiree Harmon",Bo,Mcleod,20,F,E015,"Softball Throw",3500
G032,"Heidi Russo High","Desiree Harmon",Minerva,Herrera,22,F,E002,"100 Meter Dash",17
G032,"Heidi Russo High","Desiree Harmon",Minerva,Herrera,22,F,E013,"Standing Long Jump",206
G032,"Heidi Russo High","Desiree Harmon",Florence,Mcbride,19,F,E003,"200 Meter Dash",55
G032,"Heidi Russo High","Desiree Harmon",Florence,Mcbride,19,F,E013,"Standing Long Jump",406
G032,"Heidi Russo High","Desiree Harmon",Venus,Calderon,18,F,E001,"50 Meter Dash",22
G032,"Heidi Russo High","Desiree Harmon",Venus,Calderon,18,F,E015,"Softball Throw",1500
G032,"Heidi Russo High","Desiree Harmon",Ebony,Sherman,19,F,E002,"100 Meter Dash",16
G032,"Heidi Russo High","Desiree Harmon",Ebony,Sherman,19,F,E015,"Softball Throw",13000
G032,"Heidi Russo High","Desiree Harmon",Quin,Foley,19,F,E007,"100 Meter Walk",139
G032,"Heidi Russo High","Desiree Harmon",Quin,Foley,19,F,E015,"Softball Throw",2000
G032,"Heidi Russo High","Desiree Harmon",Maggy,Henderson,16,F,E001,"50 Meter Dash",20
G032,"Heidi Russo High","Desiree Harmon",Maggy,Henderson,16,F,E015,"Softball Throw",5000
G032,"Heidi Russo High","Desiree Harmon",Aileen,Armstrong,22,F,E017,"25 M Wheelchair",10
G032,"Heidi Russo High","Desiree Harmon",Aileen,Armstrong,22,F,E015,"Softball Throw",2000
G032,"Heidi Russo High","Desiree Harmon",Jade,Reyes,18,F,E007,"100 Meter Walk",54
G032,"Heidi Russo High","Desiree Harmon",Jade,Reyes,18,F,E015,"Softball Throw",2500
G032,"Heidi Russo High","Desiree Harmon",Anastasia,Marshall,16,F,E002,"100 Meter Dash",28
G032,"Heidi Russo High","Desiree Harmon",Anastasia,Marshall,16,F,E015,"Softball Throw",6200
G032,"Heidi Russo High","Desiree Harmon",Jolie,Boyer,20,F,E004,"400 Meter Dash",131
G032,"Heidi Russo High","Desiree Harmon",Jolie,Boyer,20,F,E015,"Softball Throw",7000
G032,"Heidi Russo High","Desiree Harmon",Raya,Wiley,18,F,E001,"50 Meter Dash",13
G032,"Heidi Russo High","Desiree Harmon",Raya,Wiley,18,F,E013,"Standing Long Jump",301
G032,"Heidi Russo High","Desiree Harmon",Hope,Erickson,20,F,E001,"50 Meter Dash",20
G032,"Heidi Russo High","Desiree Harmon",Hope,Erickson,20,F,E013,"Standing Long Jump",7
G032,"Heidi Russo High","Desiree Harmon",Ann,Atkins,22,F,E006,"30M Motor Wheelchair Sl",34
G032,"Heidi Russo High","Desiree Harmon",Ann,Atkins,22,F,E015,"Softball Throw",900
G032,"Heidi Russo High","Desiree Harmon",Doris,French,20,F,E002,"100 Meter Dash",19
G032,"Heidi Russo High","Desiree Harmon",Doris,French,20,F,E013,"Standing Long Jump",505
G032,"Heidi Russo High","Desiree Harmon",Whitney,Lindsey,20,F,E001,"50 Meter Dash",20
G032,"Heidi Russo High","Desiree Harmon",Whitney,Lindsey,20,F,E015,"Softball Throw",3000
G032,"Heidi Russo High","Desiree Harmon",Ifeoma,Mercado,16,F,E001,"50 Meter Dash",30
G032,"Heidi Russo High","Desiree Harmon",Ifeoma,Mercado,16,F,E015,"Softball Throw",3000
G032,"Heidi Russo High","Desiree Harmon",Aurora,Huff,16,F,E021,Developmental,0
G032,"Heidi Russo High","Desiree Harmon",Aurora,Huff,16,F,E099,"Olympic Town",0
G032,"Heidi Russo High","Desiree Harmon",Amber,Whitfield,18,F,E001,"50 Meter Dash",13
G032,"Heidi Russo High","Desiree Harmon",Amber,Whitfield,18,F,E015,"Softball Throw",2100
G033,"Yael Farley High","Adena Calderon",Kerry,Bradshaw,17,F,E002,"100 Meter Dash",18
G033,"Yael Farley High","Adena Calderon",Kerry,Bradshaw,17,F,E015,"Softball Throw",11000
G033,"Yael Farley High","Adena Calderon",Dominique,Donovan,17,F,E002,"100 Meter Dash",18
G033,"Yael Farley High","Adena Calderon",Dominique,Donovan,17,F,E015,"Softball Throw",11700
G033,"Yael Farley High","Adena Calderon",Avye,Pace,17,F,E002,"100 Meter Dash",15
G033,"Yael Farley High","Adena Calderon",Avye,Pace,17,F,E015,"Softball Throw",12000
G033,"Yael Farley High","Adena Calderon",Zelda,Wilson,18,F,E013,"Standing Long Jump",503
G033,"Yael Farley High","Adena Calderon",Zelda,Wilson,18,F,E015,"Softball Throw",12100
G033,"Yael Farley High","Adena Calderon",Stacy,Dejesus,21,F,E002,"100 Meter Dash",22
G033,"Yael Farley High","Adena Calderon",Stacy,Dejesus,21,F,E015,"Softball Throw",7200
G033,"Yael Farley High","Adena Calderon",Priscilla,Williams,20,F,E015,"Softball Throw",6800
G033,"Yael Farley High","Adena Calderon",Priscilla,Williams,20,F,E002,"100 Meter Dash",25
G033,"Yael Farley High","Adena Calderon",Moana,Morin,19,F,E002,"100 Meter Dash",27
G033,"Yael Farley High","Adena Calderon",Moana,Morin,19,F,E015,"Softball Throw",4100
G033,"Yael Farley High","Adena Calderon",Evangeline,Bates,17,F,E002,"100 Meter Dash",20
G033,"Yael Farley High","Adena Calderon",Evangeline,Bates,17,F,E015,"Softball Throw",9500
G033,"Yael Farley High","Adena Calderon",Alma,Stephenson,17,F,E015,"Softball Throw",9800
G033,"Yael Farley High","Adena Calderon",Alma,Stephenson,17,F,E002,"100 Meter Dash",25
G033,"Yael Farley High","Adena Calderon",Cassady,Holder,16,F,E002,"100 Meter Dash",15
G033,"Yael Farley High","Adena Calderon",Cassady,Holder,16,F,E015,"Softball Throw",9000
G034,"Fritz Owen High","Phillip Burks",Seth,Shepherd,20,M,E002,"100 Meter Dash",33
G034,"Fritz Owen High","Phillip Burks",Seth,Shepherd,20,M,E015,"Softball Throw",5100
G034,"Fritz Owen High","Phillip Burks",Vaughan,Monroe,17,M,E002,"100 Meter Dash",38
G034,"Fritz Owen High","Phillip Burks",Vaughan,Monroe,17,M,E015,"Softball Throw",3400
G034,"Fritz Owen High","Phillip Burks",Oscar,Vaughan,17,M,E002,"100 Meter Dash",24
G034,"Fritz Owen High","Phillip Burks",Oscar,Vaughan,17,M,E015,"Softball Throw",3500
G034,"Fritz Owen High","Phillip Burks",Ian,Randolph,17,M,E013,"Standing Long Jump",504
G034,"Fritz Owen High","Phillip Burks",Ian,Randolph,17,M,E015,"Softball Throw",3900
G034,"Fritz Owen High","Phillip Burks",Julian,Rowe,17,M,E002,"100 Meter Dash",33
G034,"Fritz Owen High","Phillip Burks",Julian,Rowe,17,M,E015,"Softball Throw",5800
G034,"Fritz Owen High","Phillip Burks",Finn,Silva,17,M,E003,"200 Meter Dash",55
G034,"Fritz Owen High","Phillip Burks",Finn,Silva,17,M,E015,"Softball Throw",5300
G034,"Fritz Owen High","Phillip Burks",Hedley,Mcgowan,17,M,E002,"100 Meter Dash",35
G034,"Fritz Owen High","Phillip Burks",Hedley,Mcgowan,17,M,E015,"Softball Throw",3500
G034,"Fritz Owen High","Phillip Burks",Rashad,Gordon,17,M,E003,"200 Meter Dash",57
G034,"Fritz Owen High","Phillip Burks",Rashad,Gordon,17,M,E015,"Softball Throw",3500
G034,"Fritz Owen High","Phillip Burks",Declan,Conway,20,M,E002,"100 Meter Dash",35
G034,"Fritz Owen High","Phillip Burks",Declan,Conway,20,M,E015,"Softball Throw",3400
G034,"Fritz Owen High","Phillip Burks",Cullen,Flowers,19,M,E003,"200 Meter Dash",53
G034,"Fritz Owen High","Phillip Burks",Cullen,Flowers,19,M,E015,"Softball Throw",6000
G034,"Fritz Owen High","Phillip Burks",Judah,Ingram,22,M,E002,"100 Meter Dash",35
G034,"Fritz Owen High","Phillip Burks",Judah,Ingram,22,M,E015,"Softball Throw",4000
G034,"Fritz Owen High","Phillip Burks",Fritz,Fuentes,20,M,E003,"200 Meter Dash",46
G034,"Fritz Owen High","Phillip Burks",Fritz,Fuentes,20,M,E015,"Softball Throw",5200
G034,"Fritz Owen High","Tucker Case",September,Rodgers,20,F,E001,"50 Meter Dash",12
G034,"Fritz Owen High","Tucker Case",September,Rodgers,20,F,E013,"Standing Long Jump",400
G034,"Fritz Owen High","Tucker Case",Caryn,Whitehead,22,F,E015,"Softball Throw",2100
G034,"Fritz Owen High","Tucker Case",Caryn,Whitehead,22,F,E001,"50 Meter Dash",26
G034,"Fritz Owen High","Tucker Case",Bree,Campos,18,F,E015,"Softball Throw",5000
G034,"Fritz Owen High","Tucker Case",Bree,Campos,18,F,E001,"50 Meter Dash",12
G034,"Fritz Owen High","Tucker Case",Keiko,Joyce,21,F,E015,"Softball Throw",4000
G034,"Fritz Owen High","Tucker Case",Keiko,Joyce,21,F,E001,"50 Meter Dash",12
G034,"Fritz Owen High","Tucker Case",Carissa,Dejesus,19,F,E015,"Softball Throw",2000
G034,"Fritz Owen High","Tucker Case",Carissa,Dejesus,19,F,E013,"Standing Long Jump",300
G034,"Fritz Owen High","Tucker Case",Amity,Moreno,18,F,E015,"Softball Throw",6400
G034,"Fritz Owen High","Tucker Case",Amity,Moreno,18,F,E004,"400 Meter Dash",124
G034,"Fritz Owen High","Gloria Rowe",Kelsey,Tran,15,F,E002,"100 Meter Dash",26
G034,"Fritz Owen High","Gloria Rowe",Kelsey,Tran,15,F,E015,"Softball Throw",2400
G034,"Fritz Owen High","Gloria Rowe",Patience,Hays,20,F,E003,"200 Meter Dash",50
G034,"Fritz Owen High","Gloria Rowe",Patience,Hays,20,F,E015,"Softball Throw",8400
G034,"Fritz Owen High","Gloria Rowe",Melyssa,Roth,20,F,E003,"200 Meter Dash",42
G034,"Fritz Owen High","Gloria Rowe",Melyssa,Roth,20,F,E015,"Softball Throw",10000
G034,"Fritz Owen High","Gloria Rowe",Regina,Hatfield,19,F,E003,"200 Meter Dash",50
G034,"Fritz Owen High","Gloria Rowe",Regina,Hatfield,19,F,E015,"Softball Throw",9000
G034,"Fritz Owen High","Gloria Rowe",Halee,Houston,15,F,E002,"100 Meter Dash",52
G034,"Fritz Owen High","Gloria Rowe",Halee,Houston,15,F,E015,"Softball Throw",2900
G034,"Fritz Owen High","Gloria Rowe",Brenda,Faulkner,16,F,E002,"100 Meter Dash",32
G034,"Fritz Owen High","Gloria Rowe",Brenda,Faulkner,16,F,E015,"Softball Throw",2400
G034,"Fritz Owen High","Gloria Rowe",Alika,Padilla,18,F,E003,"200 Meter Dash",105
G034,"Fritz Owen High","Gloria Rowe",Alika,Padilla,18,F,E015,"Softball Throw",3500
G034,"Fritz Owen High","Gloria Rowe",Hanna,Calhoun,20,F,E002,"100 Meter Dash",22
G034,"Fritz Owen High","Gloria Rowe",Hanna,Calhoun,20,F,E015,"Softball Throw",2500
G035,"Jesse Crosby High","Amber Bass",Steven,Dunlap,21,M,E001,"50 Meter Dash",20
G035,"Jesse Crosby High","Amber Bass",Steven,Dunlap,21,M,E015,"Softball Throw",1300
G035,"Jesse Crosby High","Amber Bass",Odysseus,Cobb,15,M,E001,"50 Meter Dash",18
G035,"Jesse Crosby High","Amber Bass",Odysseus,Cobb,15,M,E013,"Standing Long Jump",100
G035,"Jesse Crosby High","Amber Bass",Macon,Raymond,16,M,E002,"100 Meter Dash",17
G035,"Jesse Crosby High","Amber Bass",Macon,Raymond,16,M,E015,"Softball Throw",4200
G035,"Jesse Crosby High","Amber Bass",Abbot,Mcguire,20,M,E001,"50 Meter Dash",35
G035,"Jesse Crosby High","Amber Bass",Abbot,Mcguire,20,M,E015,"Softball Throw",900
G035,"Jesse Crosby High","Amber Bass",Steel,Wiggins,17,M,E001,"50 Meter Dash",20
G035,"Jesse Crosby High","Amber Bass",Steel,Wiggins,17,M,E015,"Softball Throw",2900
G035,"Jesse Crosby High","Amber Bass",Julian,Alston,16,M,E007,"100 Meter Walk",100
G035,"Jesse Crosby High","Amber Bass",Julian,Alston,16,M,E015,"Softball Throw",2200
G035,"Jesse Crosby High","Amber Bass",Davis,Mcleod,22,M,E001,"50 Meter Dash",18
G035,"Jesse Crosby High","Amber Bass",Davis,Mcleod,22,M,E015,"Softball Throw",2600
G035,"Jesse Crosby High","Amber Bass",Clayton,Colon,19,M,E001,"50 Meter Dash",19
G035,"Jesse Crosby High","Amber Bass",Clayton,Colon,19,M,E013,"Standing Long Jump",2200
G035,"Jesse Crosby High","Amber Bass",Drake,Hopkins,20,M,E001,"50 Meter Dash",27
G035,"Jesse Crosby High","Amber Bass",Drake,Hopkins,20,M,E015,"Softball Throw",2600
G035,"Jesse Crosby High","Amber Bass",Melvin,Young,18,M,E001,"50 Meter Dash",19
G035,"Jesse Crosby High","Amber Bass",Melvin,Young,18,M,E015,"Softball Throw",2200
G035,"Jesse Crosby High","Amber Bass",Kelly,Ortiz,20,M,E001,"50 Meter Dash",26
G035,"Jesse Crosby High","Amber Bass",Kelly,Ortiz,20,M,E015,"Softball Throw",2200
G035,"Jesse Crosby High","Amber Bass",Abel,Lang,18,M,E001,"50 Meter Dash",19
G035,"Jesse Crosby High","Amber Bass",Abel,Lang,18,M,E015,"Softball Throw",2600
G035,"Jesse Crosby High","Amber Bass",Paki,Russell,19,M,E001,"50 Meter Dash",18
G035,"Jesse Crosby High","Amber Bass",Paki,Russell,19,M,E015,"Softball Throw",1900
G035,"Jesse Crosby High","Amber Bass",Moses,Hernandez,19,M,E001,"50 Meter Dash",22
G035,"Jesse Crosby High","Amber Bass",Moses,Hernandez,19,M,E015,"Softball Throw",3200
G035,"Jesse Crosby High","Amber Bass",Kibo,Wilder,20,M,E013,"Standing Long Jump",400
G035,"Jesse Crosby High","Amber Bass",Kibo,Wilder,20,M,E015,"Softball Throw",3600
G035,"Jesse Crosby High","Amber Bass",Harrison,Wilkerson,18,M,E001,"50 Meter Dash",15
G035,"Jesse Crosby High","Amber Bass",Harrison,Wilkerson,18,M,E015,"Softball Throw",3400
G035,"Jesse Crosby High","Amber Bass",Quinlan,Sears,19,M,E001,"50 Meter Dash",16
G035,"Jesse Crosby High","Amber Bass",Quinlan,Sears,19,M,E015,"Softball Throw",6400
G036,"Sloane Higgins High","Nissim Barrera",Ora,Charles,18,F,E001,"50 Meter Dash",12
G036,"Sloane Higgins High","Nissim Barrera",Ora,Charles,18,F,E015,"Softball Throw",2000
G036,"Sloane Higgins High","Nissim Barrera",Joelle,Shepherd,20,F,E007,"100 Meter Walk",33
G036,"Sloane Higgins High","Nissim Barrera",Joelle,Shepherd,20,F,E015,"Softball Throw",4500
G036,"Sloane Higgins High","Nissim Barrera",Anastasia,Ryan,16,F,E004,"400 Meter Dash",45
G036,"Sloane Higgins High","Nissim Barrera",Anastasia,Ryan,16,F,E011,"Run Long Jump",400
G036,"Sloane Higgins High","Nissim Barrera",Desirae,Pearson,19,F,E007,"100 Meter Walk",25
G036,"Sloane Higgins High","Nissim Barrera",Desirae,Pearson,19,F,E015,"Softball Throw",9000
G036,"Sloane Higgins High","Nissim Barrera",Katell,Baldwin,19,F,E001,"50 Meter Dash",15
G036,"Sloane Higgins High","Nissim Barrera",Katell,Baldwin,19,F,E011,"Run Long Jump",300
G037,"Daquan Hopper High","Jelani Hammond",Clinton,Camacho,46,M,E011,"Run Long Jump",100
G037,"Daquan Hopper High","Jelani Hammond",Clinton,Camacho,46,M,E099,"Olympic Town",0
G037,"Daquan Hopper High","Jelani Hammond",Yuli,Young,51,M,E015,"Softball Throw",100
G037,"Daquan Hopper High","Jelani Hammond",Yuli,Young,51,M,E099,"Olympic Town",0
G037,"Daquan Hopper High","Jelani Hammond",Driscoll,Myers,31,M,E019,"10M Assisted Walk",300
G037,"Daquan Hopper High","Jelani Hammond",Driscoll,Myers,31,M,E099,"Olympic Town",0
G037,"Daquan Hopper High","Jelani Hammond",Brady,French,33,M,E015,"Softball Throw",3000
G037,"Daquan Hopper High","Jelani Hammond",Brady,French,33,M,E099,"Olympic Town",0
G037,"Daquan Hopper High","Jelani Hammond",Blaze,Baxter,46,M,E021,Developmental,0
G037,"Daquan Hopper High","Jelani Hammond",Blaze,Baxter,46,M,E099,"Olympic Town",0
G037,"Daquan Hopper High","Jelani Hammond",Dolan,Neal,43,M,E007,"100 Meter Walk",200
G037,"Daquan Hopper High","Jelani Hammond",Dolan,Neal,43,M,E099,"Olympic Town",0
G037,"Daquan Hopper High","Jelani Hammond",Felix,Sloan,57,M,E007,"100 Meter Walk",300
G037,"Daquan Hopper High","Jelani Hammond",Felix,Sloan,57,M,E015,"Softball Throw",100
G037,"Daquan Hopper High","Jelani Hammond",Quinn,Mercer,46,M,E007,"100 Meter Walk",300
G037,"Daquan Hopper High","Jelani Hammond",Quinn,Mercer,46,M,E013,"Standing Long Jump",200
G037,"Daquan Hopper High","Jelani Hammond",Victor,Strong,71,M,E021,Developmental,0
G037,"Daquan Hopper High","Jelani Hammond",Victor,Strong,71,M,E099,"Olympic Town",0
G037,"Daquan Hopper High","Jelani Hammond",Aaron,Burnett,51,M,E007,"100 Meter Walk",200
G037,"Daquan Hopper High","Jelani Hammond",Aaron,Burnett,51,M,E015,"Softball Throw",110
G037,"Daquan Hopper High","Jelani Hammond",Carter,Maldonado,68,M,E021,Developmental,0
G037,"Daquan Hopper High","Jelani Hammond",Carter,Maldonado,68,M,E099,"Olympic Town",0
G037,"Daquan Hopper High","Jelani Hammond",Cruz,Day,42,M,E015,"Softball Throw",200
G037,"Daquan Hopper High","Jelani Hammond",Cruz,Day,42,M,E099,"Olympic Town",0
G037,"Daquan Hopper High","Jelani Hammond",Caldwell,Sears,37,M,E015,"Softball Throw",200
G037,"Daquan Hopper High","Jelani Hammond",Caldwell,Sears,37,M,E099,"Olympic Town",0
G037,"Daquan Hopper High","Jelani Hammond",Fitzgerald,Stevens,53,M,E007,"100 Meter Walk",400
G037,"Daquan Hopper High","Jelani Hammond",Fitzgerald,Stevens,53,M,E015,"Softball Throw",2000
G037,"Daquan Hopper High","Jelani Hammond",Francis,Ayala,36,M,E015,"Softball Throw",200
G037,"Daquan Hopper High","Jelani Hammond",Francis,Ayala,36,M,E099,"Olympic Town",0
G037,"Daquan Hopper High","Jelani Hammond",Zephania,Ramos,35,M,E015,"Softball Throw",200
G037,"Daquan Hopper High","Jelani Hammond",Zephania,Ramos,35,M,E099,"Olympic Town",0
G037,"Daquan Hopper High","Jelani Hammond",Bevis,Curry,34,M,E021,Developmental,0
G037,"Daquan Hopper High","Jelani Hammond",Bevis,Curry,34,M,E099,"Olympic Town",0
G037,"Daquan Hopper High","Jelani Hammond",Damian,Santana,47,M,E021,Developmental,0
G037,"Daquan Hopper High","Jelani Hammond",Damian,Santana,47,M,E099,"Olympic Town",0
G037,"Daquan Hopper High","Jelani Hammond",Harrison,Joseph,52,M,E015,"Softball Throw",100
G037,"Daquan Hopper High","Jelani Hammond",Harrison,Joseph,52,M,E007,"100 Meter Walk",300
G037,"Daquan Hopper High","Jelani Hammond",Yuli,Gardner,46,M,E014,"Shot Put",300
G037,"Daquan Hopper High","Jelani Hammond",Yuli,Gardner,46,M,E099,"Olympic Town",0
G037,"Daquan Hopper High","Jelani Hammond",Rashad,Hanson,54,M,E099,"Olympic Town",0
G037,"Daquan Hopper High","Jelani Hammond",Abdul,Clayton,26,M,E007,"100 Meter Walk",300
G037,"Daquan Hopper High","Jelani Hammond",Abdul,Clayton,26,M,E015,"Softball Throw",100
G037,"Daquan Hopper High","Jelani Hammond",Isaac,Cooke,48,M,E015,"Softball Throw",200
G037,"Daquan Hopper High","Jelani Hammond",Isaac,Cooke,48,M,E011,"Run Long Jump",100
G037,"Daquan Hopper High","Jelani Hammond",Wayne,Davis,63,M,E013,"Standing Long Jump",200
G037,"Daquan Hopper High","Jelani Hammond",Wayne,Davis,63,M,E015,"Softball Throw",100
G037,"Daquan Hopper High","Jelani Hammond",Camden,Terrell,54,M,E007,"100 Meter Walk",400
G037,"Daquan Hopper High","Jelani Hammond",Camden,Terrell,54,M,E015,"Softball Throw",100
G037,"Daquan Hopper High","Jelani Hammond",Clinton,Hudson,51,M,E015,"Softball Throw",300
G037,"Daquan Hopper High","Jelani Hammond",Clinton,Hudson,51,M,E007,"100 Meter Walk",200
G037,"Daquan Hopper High","Jelani Hammond",Philip,Guzman,69,M,E007,"100 Meter Walk",200
G037,"Daquan Hopper High","Jelani Hammond",Philip,Guzman,69,M,E015,"Softball Throw",300
G037,"Daquan Hopper High","Jelani Hammond",Robert,Rocha,24,M,E099,"Olympic Town",0
G037,"Daquan Hopper High","Jelani Hammond",Carl,Small,46,M,E013,"Standing Long Jump",300
G037,"Daquan Hopper High","Jelani Hammond",Carl,Small,46,M,E015,"Softball Throw",200
G037,"Daquan Hopper High","Jelani Hammond",Phillip,Bowers,54,M,E015,"Softball Throw",200
G037,"Daquan Hopper High","Jelani Hammond",Phillip,Bowers,54,M,E099,"Olympic Town",0
G037,"Daquan Hopper High","Jelani Hammond",Jeremy,Bright,67,M,E021,Developmental,0
G037,"Daquan Hopper High","Jelani Hammond",Jeremy,Bright,67,M,E099,"Olympic Town",0
G037,"Daquan Hopper High","Jelani Hammond",Malik,Fields,72,M,E015,"Softball Throw",100
G037,"Daquan Hopper High","Jelani Hammond",Malik,Fields,72,M,E021,Developmental,0
G037,"Daquan Hopper High","Jelani Hammond",Tanner,Bowman,48,M,E021,Developmental,0
G037,"Daquan Hopper High","Jelani Hammond",Tanner,Bowman,48,M,E017,"25 M Wheelchair",500
G037,"Daquan Hopper High","Jelani Hammond",Devin,Herrera,54,M,E011,"Run Long Jump",100
G037,"Daquan Hopper High","Jelani Hammond",Devin,Herrera,54,M,E099,"Olympic Town",0
G037,"Daquan Hopper High","Jelani Hammond",Gavin,Ochoa,54,M,E021,Developmental,0
G037,"Daquan Hopper High","Jelani Hammond",Gavin,Ochoa,54,M,E099,"Olympic Town",0
G037,"Daquan Hopper High","Jelani Hammond",Josiah,Melendez,40,M,E015,"Softball Throw",200
G037,"Daquan Hopper High","Jelani Hammond",Josiah,Melendez,40,M,E007,"100 Meter Walk",200
G037,"Daquan Hopper High","Jelani Hammond",Alden,Huffman,50,M,E015,"Softball Throw",200
G037,"Daquan Hopper High","Jelani Hammond",Alden,Huffman,50,M,E007,"100 Meter Walk",345
G037,"Daquan Hopper High","Jelani Hammond",Amal,Rivera,50,M,E015,"Softball Throw",200
G037,"Daquan Hopper High","Jelani Hammond",Amal,Rivera,50,M,E099,"Olympic Town",0
G037,"Daquan Hopper High","Jelani Hammond",Mufutau,Yang,45,M,E015,"Softball Throw",200
G037,"Daquan Hopper High","Jelani Hammond",Mufutau,Yang,45,M,E099,"Olympic Town",0
G037,"Daquan Hopper High","Jelani Hammond",Jacob,Owen,44,M,E014,"Shot Put",300
G037,"Daquan Hopper High","Jelani Hammond",Jacob,Owen,44,M,E099,"Olympic Town",0
G037,"Daquan Hopper High","Jelani Hammond",Talon,Lawson,60,M,E021,Developmental,0
G037,"Daquan Hopper High","Jelani Hammond",Talon,Lawson,60,M,E099,"Olympic Town",0
G037,"Daquan Hopper High","Jelani Hammond",Beau,Banks,56,M,E015,"Softball Throw",300
G037,"Daquan Hopper High","Jelani Hammond",Beau,Banks,56,M,E013,"Standing Long Jump",200
G037,"Daquan Hopper High","Jelani Hammond",Upton,Ellis,67,M,E013,"Standing Long Jump",200
G037,"Daquan Hopper High","Jelani Hammond",Upton,Ellis,67,M,E099,"Olympic Town",0
G037,"Daquan Hopper High","Jelani Hammond",Tobias,Pollard,32,M,E001,"50 Meter Dash",200
G037,"Daquan Hopper High","Jelani Hammond",Tobias,Pollard,32,M,E015,"Softball Throw",200
G037,"Daquan Hopper High","Jelani Hammond",Gannon,Simmons,30,M,E015,"Softball Throw",200
G037,"Daquan Hopper High","Jelani Hammond",Gannon,Simmons,30,M,E001,"50 Meter Dash",200
G037,"Daquan Hopper High","Jelani Hammond",Ezra,Tyler,46,M,E015,"Softball Throw",200
G037,"Daquan Hopper High","Jelani Hammond",Ezra,Tyler,46,M,E099,"Olympic Town",0
G037,"Daquan Hopper High","Jelani Hammond",Scott,Mcconnell,47,M,E013,"Standing Long Jump",200
